Seq_ID,Mutant_ID,Sequence,ML_Score,Prediction
seq1,Original,QQYPLGQGSFRPSQQNPQA,0.85,Disease Causing
seq1,Mutant_Q1A,AQYPLGQGSFRPSQQNPQA,0.67,Disease Causing
seq1,Mutant_Q1C,CQYPLGQGSFRPSQQNPQA,0.76,Disease Causing
seq1,Mutant_Q1D,DQYPLGQGSFRPSQQNPQA,0.5,Disease Causing
seq1,Mutant_Q1E,EQYPLGQGSFRPSQQNPQA,0.78,Disease Causing
seq1,Mutant_Q1F,FQYPLGQGSFRPSQQNPQA,0.79,Disease Causing
seq1,Mutant_Q1G,GQYPLGQGSFRPSQQNPQA,0.81,Disease Causing
seq1,Mutant_Q1H,HQYPLGQGSFRPSQQNPQA,0.75,Disease Causing
seq1,Mutant_Q1I,IQYPLGQGSFRPSQQNPQA,0.75,Disease Causing
seq1,Mutant_Q1K,KQYPLGQGSFRPSQQNPQA,0.63,Disease Causing
seq1,Mutant_Q1L,LQYPLGQGSFRPSQQNPQA,0.76,Disease Causing
seq1,Mutant_Q1M,MQYPLGQGSFRPSQQNPQA,0.7,Disease Causing
seq1,Mutant_Q1N,NQYPLGQGSFRPSQQNPQA,0.71,Disease Causing
seq1,Mutant_Q1P,PQYPLGQGSFRPSQQNPQA,0.82,Disease Causing
seq1,Mutant_Q1R,RQYPLGQGSFRPSQQNPQA,0.75,Disease Causing
seq1,Mutant_Q1S,SQYPLGQGSFRPSQQNPQA,0.79,Disease Causing
seq1,Mutant_Q1T,TQYPLGQGSFRPSQQNPQA,0.76,Disease Causing
seq1,Mutant_Q1V,VQYPLGQGSFRPSQQNPQA,0.72,Disease Causing
seq1,Mutant_Q1W,WQYPLGQGSFRPSQQNPQA,0.73,Disease Causing
seq1,Mutant_Q1Y,YQYPLGQGSFRPSQQNPQA,0.77,Disease Causing
seq1,Mutant_Q2A,QAYPLGQGSFRPSQQNPQA,0.67,Disease Causing
seq1,Mutant_Q2C,QCYPLGQGSFRPSQQNPQA,0.76,Disease Causing
seq1,Mutant_Q2D,QDYPLGQGSFRPSQQNPQA,0.5,Disease Causing
seq1,Mutant_Q2E,QEYPLGQGSFRPSQQNPQA,0.78,Disease Causing
seq1,Mutant_Q2F,QFYPLGQGSFRPSQQNPQA,0.79,Disease Causing
seq1,Mutant_Q2G,QGYPLGQGSFRPSQQNPQA,0.81,Disease Causing
seq1,Mutant_Q2H,QHYPLGQGSFRPSQQNPQA,0.75,Disease Causing
seq1,Mutant_Q2I,QIYPLGQGSFRPSQQNPQA,0.75,Disease Causing
seq1,Mutant_Q2K,QKYPLGQGSFRPSQQNPQA,0.63,Disease Causing
seq1,Mutant_Q2L,QLYPLGQGSFRPSQQNPQA,0.76,Disease Causing
seq1,Mutant_Q2M,QMYPLGQGSFRPSQQNPQA,0.7,Disease Causing
seq1,Mutant_Q2N,QNYPLGQGSFRPSQQNPQA,0.71,Disease Causing
seq1,Mutant_Q2P,QPYPLGQGSFRPSQQNPQA,0.82,Disease Causing
seq1,Mutant_Q2R,QRYPLGQGSFRPSQQNPQA,0.75,Disease Causing
seq1,Mutant_Q2S,QSYPLGQGSFRPSQQNPQA,0.79,Disease Causing
seq1,Mutant_Q2T,QTYPLGQGSFRPSQQNPQA,0.76,Disease Causing
seq1,Mutant_Q2V,QVYPLGQGSFRPSQQNPQA,0.72,Disease Causing
seq1,Mutant_Q2W,QWYPLGQGSFRPSQQNPQA,0.73,Disease Causing
seq1,Mutant_Q2Y,QYYPLGQGSFRPSQQNPQA,0.77,Disease Causing
seq1,Mutant_Y3A,QQAPLGQGSFRPSQQNPQA,0.73,Disease Causing
seq1,Mutant_Y3C,QQCPLGQGSFRPSQQNPQA,0.8,Disease Causing
seq1,Mutant_Y3D,QQDPLGQGSFRPSQQNPQA,0.58,Disease Causing
seq1,Mutant_Y3E,QQEPLGQGSFRPSQQNPQA,0.85,Disease Causing
seq1,Mutant_Y3F,QQFPLGQGSFRPSQQNPQA,0.85,Disease Causing
seq1,Mutant_Y3G,QQGPLGQGSFRPSQQNPQA,0.85,Disease Causing
seq1,Mutant_Y3H,QQHPLGQGSFRPSQQNPQA,0.79,Disease Causing
seq1,Mutant_Y3I,QQIPLGQGSFRPSQQNPQA,0.82,Disease Causing
seq1,Mutant_Y3K,QQKPLGQGSFRPSQQNPQA,0.68,Disease Causing
seq1,Mutant_Y3L,QQLPLGQGSFRPSQQNPQA,0.82,Disease Causing
seq1,Mutant_Y3M,QQMPLGQGSFRPSQQNPQA,0.74,Disease Causing
seq1,Mutant_Y3N,QQNPLGQGSFRPSQQNPQA,0.76,Disease Causing
seq1,Mutant_Y3P,QQPPLGQGSFRPSQQNPQA,0.88,Disease Causing
seq1,Mutant_Y3Q,QQQPLGQGSFRPSQQNPQA,0.86,Disease Causing
seq1,Mutant_Y3R,QQRPLGQGSFRPSQQNPQA,0.77,Disease Causing
seq1,Mutant_Y3S,QQSPLGQGSFRPSQQNPQA,0.81,Disease Causing
seq1,Mutant_Y3T,QQTPLGQGSFRPSQQNPQA,0.81,Disease Causing
seq1,Mutant_Y3V,QQVPLGQGSFRPSQQNPQA,0.78,Disease Causing
seq1,Mutant_Y3W,QQWPLGQGSFRPSQQNPQA,0.78,Disease Causing
seq1,Mutant_P4A,QQYALGQGSFRPSQQNPQA,0.69,Disease Causing
seq1,Mutant_P4C,QQYCLGQGSFRPSQQNPQA,0.76,Disease Causing
seq1,Mutant_P4D,QQYDLGQGSFRPSQQNPQA,0.52,Disease Causing
seq1,Mutant_P4E,QQYELGQGSFRPSQQNPQA,0.78,Disease Causing
seq1,Mutant_P4F,QQYFLGQGSFRPSQQNPQA,0.78,Disease Causing
seq1,Mutant_P4G,QQYGLGQGSFRPSQQNPQA,0.79,Disease Causing
seq1,Mutant_P4H,QQYHLGQGSFRPSQQNPQA,0.74,Disease Causing
seq1,Mutant_P4I,QQYILGQGSFRPSQQNPQA,0.74,Disease Causing
seq1,Mutant_P4K,QQYKLGQGSFRPSQQNPQA,0.61,Disease Causing
seq1,Mutant_P4L,QQYLLGQGSFRPSQQNPQA,0.75,Disease Causing
seq1,Mutant_P4M,QQYMLGQGSFRPSQQNPQA,0.7,Disease Causing
seq1,Mutant_P4N,QQYNLGQGSFRPSQQNPQA,0.7,Disease Causing
seq1,Mutant_P4Q,QQYQLGQGSFRPSQQNPQA,0.81,Disease Causing
seq1,Mutant_P4R,QQYRLGQGSFRPSQQNPQA,0.71,Disease Causing
seq1,Mutant_P4S,QQYSLGQGSFRPSQQNPQA,0.76,Disease Causing
seq1,Mutant_P4T,QQYTLGQGSFRPSQQNPQA,0.75,Disease Causing
seq1,Mutant_P4V,QQYVLGQGSFRPSQQNPQA,0.71,Disease Causing
seq1,Mutant_P4W,QQYWLGQGSFRPSQQNPQA,0.71,Disease Causing
seq1,Mutant_P4Y,QQYYLGQGSFRPSQQNPQA,0.78,Disease Causing
seq1,Mutant_L5A,QQYPAGQGSFRPSQQNPQA,0.76,Disease Causing
seq1,Mutant_L5C,QQYPCGQGSFRPSQQNPQA,0.82,Disease Causing
seq1,Mutant_L5D,QQYPDGQGSFRPSQQNPQA,0.61,Disease Causing
seq1,Mutant_L5E,QQYPEGQGSFRPSQQNPQA,0.89,Disease Causing
seq1,Mutant_L5F,QQYPFGQGSFRPSQQNPQA,0.86,Disease Causing
seq1,Mutant_L5G,QQYPGGQGSFRPSQQNPQA,0.87,Disease Causing
seq1,Mutant_L5H,QQYPHGQGSFRPSQQNPQA,0.82,Disease Causing
seq1,Mutant_L5I,QQYPIGQGSFRPSQQNPQA,0.84,Disease Causing
seq1,Mutant_L5K,QQYPKGQGSFRPSQQNPQA,0.69,Disease Causing
seq1,Mutant_L5M,QQYPMGQGSFRPSQQNPQA,0.75,Disease Causing
seq1,Mutant_L5N,QQYPNGQGSFRPSQQNPQA,0.79,Disease Causing
seq1,Mutant_L5P,QQYPPGQGSFRPSQQNPQA,0.89,Disease Causing
seq1,Mutant_L5Q,QQYPQGQGSFRPSQQNPQA,0.89,Disease Causing
seq1,Mutant_L5R,QQYPRGQGSFRPSQQNPQA,0.74,Disease Causing
seq1,Mutant_L5S,QQYPSGQGSFRPSQQNPQA,0.84,Disease Causing
seq1,Mutant_L5T,QQYPTGQGSFRPSQQNPQA,0.83,Disease Causing
seq1,Mutant_L5V,QQYPVGQGSFRPSQQNPQA,0.8,Disease Causing
seq1,Mutant_L5W,QQYPWGQGSFRPSQQNPQA,0.79,Disease Causing
seq1,Mutant_L5Y,QQYPYGQGSFRPSQQNPQA,0.86,Disease Causing
seq1,Mutant_G6A,QQYPLAQGSFRPSQQNPQA,0.72,Disease Causing
seq1,Mutant_G6C,QQYPLCQGSFRPSQQNPQA,0.8,Disease Causing
seq1,Mutant_G6D,QQYPLDQGSFRPSQQNPQA,0.54,Disease Causing
seq1,Mutant_G6E,QQYPLEQGSFRPSQQNPQA,0.82,Disease Causing
seq1,Mutant_G6F,QQYPLFQGSFRPSQQNPQA,0.81,Disease Causing
seq1,Mutant_G6H,QQYPLHQGSFRPSQQNPQA,0.77,Disease Causing
seq1,Mutant_G6I,QQYPLIQGSFRPSQQNPQA,0.78,Disease Causing
seq1,Mutant_G6K,QQYPLKQGSFRPSQQNPQA,0.65,Disease Causing
seq1,Mutant_G6L,QQYPLLQGSFRPSQQNPQA,0.77,Disease Causing
seq1,Mutant_G6M,QQYPLMQGSFRPSQQNPQA,0.74,Disease Causing
seq1,Mutant_G6N,QQYPLNQGSFRPSQQNPQA,0.73,Disease Causing
seq1,Mutant_G6P,QQYPLPQGSFRPSQQNPQA,0.88,Disease Causing
seq1,Mutant_G6Q,QQYPLQQGSFRPSQQNPQA,0.83,Disease Causing
seq1,Mutant_G6R,QQYPLRQGSFRPSQQNPQA,0.75,Disease Causing
seq1,Mutant_G6S,QQYPLSQGSFRPSQQNPQA,0.78,Disease Causing
seq1,Mutant_G6T,QQYPLTQGSFRPSQQNPQA,0.79,Disease Causing
seq1,Mutant_G6V,QQYPLVQGSFRPSQQNPQA,0.75,Disease Causing
seq1,Mutant_G6W,QQYPLWQGSFRPSQQNPQA,0.74,Disease Causing
seq1,Mutant_G6Y,QQYPLYQGSFRPSQQNPQA,0.78,Disease Causing
seq1,Mutant_Q7A,QQYPLGAGSFRPSQQNPQA,0.67,Disease Causing
seq1,Mutant_Q7C,QQYPLGCGSFRPSQQNPQA,0.76,Disease Causing
seq1,Mutant_Q7D,QQYPLGDGSFRPSQQNPQA,0.5,Disease Causing
seq1,Mutant_Q7E,QQYPLGEGSFRPSQQNPQA,0.78,Disease Causing
seq1,Mutant_Q7F,QQYPLGFGSFRPSQQNPQA,0.79,Disease Causing
seq1,Mutant_Q7G,QQYPLGGGSFRPSQQNPQA,0.81,Disease Causing
seq1,Mutant_Q7H,QQYPLGHGSFRPSQQNPQA,0.75,Disease Causing
seq1,Mutant_Q7I,QQYPLGIGSFRPSQQNPQA,0.75,Disease Causing
seq1,Mutant_Q7K,QQYPLGKGSFRPSQQNPQA,0.63,Disease Causing
seq1,Mutant_Q7L,QQYPLGLGSFRPSQQNPQA,0.76,Disease Causing
seq1,Mutant_Q7M,QQYPLGMGSFRPSQQNPQA,0.7,Disease Causing
seq1,Mutant_Q7N,QQYPLGNGSFRPSQQNPQA,0.71,Disease Causing
seq1,Mutant_Q7P,QQYPLGPGSFRPSQQNPQA,0.82,Disease Causing
seq1,Mutant_Q7R,QQYPLGRGSFRPSQQNPQA,0.75,Disease Causing
seq1,Mutant_Q7S,QQYPLGSGSFRPSQQNPQA,0.79,Disease Causing
seq1,Mutant_Q7T,QQYPLGTGSFRPSQQNPQA,0.76,Disease Causing
seq1,Mutant_Q7V,QQYPLGVGSFRPSQQNPQA,0.72,Disease Causing
seq1,Mutant_Q7W,QQYPLGWGSFRPSQQNPQA,0.73,Disease Causing
seq1,Mutant_Q7Y,QQYPLGYGSFRPSQQNPQA,0.77,Disease Causing
seq1,Mutant_G8A,QQYPLGQASFRPSQQNPQA,0.72,Disease Causing
seq1,Mutant_G8C,QQYPLGQCSFRPSQQNPQA,0.8,Disease Causing
seq1,Mutant_G8D,QQYPLGQDSFRPSQQNPQA,0.54,Disease Causing
seq1,Mutant_G8E,QQYPLGQESFRPSQQNPQA,0.82,Disease Causing
seq1,Mutant_G8F,QQYPLGQFSFRPSQQNPQA,0.81,Disease Causing
seq1,Mutant_G8H,QQYPLGQHSFRPSQQNPQA,0.77,Disease Causing
seq1,Mutant_G8I,QQYPLGQISFRPSQQNPQA,0.78,Disease Causing
seq1,Mutant_G8K,QQYPLGQKSFRPSQQNPQA,0.65,Disease Causing
seq1,Mutant_G8L,QQYPLGQLSFRPSQQNPQA,0.77,Disease Causing
seq1,Mutant_G8M,QQYPLGQMSFRPSQQNPQA,0.74,Disease Causing
seq1,Mutant_G8N,QQYPLGQNSFRPSQQNPQA,0.73,Disease Causing
seq1,Mutant_G8P,QQYPLGQPSFRPSQQNPQA,0.88,Disease Causing
seq1,Mutant_G8Q,QQYPLGQQSFRPSQQNPQA,0.83,Disease Causing
seq1,Mutant_G8R,QQYPLGQRSFRPSQQNPQA,0.75,Disease Causing
seq1,Mutant_G8S,QQYPLGQSSFRPSQQNPQA,0.78,Disease Causing
seq1,Mutant_G8T,QQYPLGQTSFRPSQQNPQA,0.79,Disease Causing
seq1,Mutant_G8V,QQYPLGQVSFRPSQQNPQA,0.75,Disease Causing
seq1,Mutant_G8W,QQYPLGQWSFRPSQQNPQA,0.74,Disease Causing
seq1,Mutant_G8Y,QQYPLGQYSFRPSQQNPQA,0.78,Disease Causing
seq1,Mutant_S9A,QQYPLGQGAFRPSQQNPQA,0.74,Disease Causing
seq1,Mutant_S9C,QQYPLGQGCFRPSQQNPQA,0.84,Disease Causing
seq1,Mutant_S9D,QQYPLGQGDFRPSQQNPQA,0.6,Disease Causing
seq1,Mutant_S9E,QQYPLGQGEFRPSQQNPQA,0.84,Disease Causing
seq1,Mutant_S9F,QQYPLGQGFFRPSQQNPQA,0.86,Disease Causing
seq1,Mutant_S9G,QQYPLGQGGFRPSQQNPQA,0.86,Disease Causing
seq1,Mutant_S9H,QQYPLGQGHFRPSQQNPQA,0.82,Disease Causing
seq1,Mutant_S9I,QQYPLGQGIFRPSQQNPQA,0.81,Disease Causing
seq1,Mutant_S9K,QQYPLGQGKFRPSQQNPQA,0.69,Disease Causing
seq1,Mutant_S9L,QQYPLGQGLFRPSQQNPQA,0.82,Disease Causing
seq1,Mutant_S9M,QQYPLGQGMFRPSQQNPQA,0.75,Disease Causing
seq1,Mutant_S9N,QQYPLGQGNFRPSQQNPQA,0.77,Disease Causing
seq1,Mutant_S9P,QQYPLGQGPFRPSQQNPQA,0.88,Disease Causing
seq1,Mutant_S9Q,QQYPLGQGQFRPSQQNPQA,0.88,Disease Causing
seq1,Mutant_S9R,QQYPLGQGRFRPSQQNPQA,0.78,Disease Causing
seq1,Mutant_S9T,QQYPLGQGTFRPSQQNPQA,0.82,Disease Causing
seq1,Mutant_S9V,QQYPLGQGVFRPSQQNPQA,0.81,Disease Causing
seq1,Mutant_S9W,QQYPLGQGWFRPSQQNPQA,0.77,Disease Causing
seq1,Mutant_S9Y,QQYPLGQGYFRPSQQNPQA,0.83,Disease Causing
seq1,Mutant_F10A,QQYPLGQGSARPSQQNPQA,0.72,Disease Causing
seq1,Mutant_F10C,QQYPLGQGSCRPSQQNPQA,0.74,Disease Causing
seq1,Mutant_F10D,QQYPLGQGSDRPSQQNPQA,0.56,Disease Causing
seq1,Mutant_F10E,QQYPLGQGSERPSQQNPQA,0.81,Disease Causing
seq1,Mutant_F10G,QQYPLGQGSGRPSQQNPQA,0.83,Disease Causing
seq1,Mutant_F10H,QQYPLGQGSHRPSQQNPQA,0.77,Disease Causing
seq1,Mutant_F10I,QQYPLGQGSIRPSQQNPQA,0.77,Disease Causing
seq1,Mutant_F10K,QQYPLGQGSKRPSQQNPQA,0.66,Disease Causing
seq1,Mutant_F10L,QQYPLGQGSLRPSQQNPQA,0.77,Disease Causing
seq1,Mutant_F10M,QQYPLGQGSMRPSQQNPQA,0.7,Disease Causing
seq1,Mutant_F10N,QQYPLGQGSNRPSQQNPQA,0.73,Disease Causing
seq1,Mutant_F10P,QQYPLGQGSPRPSQQNPQA,0.85,Disease Causing
seq1,Mutant_F10Q,QQYPLGQGSQRPSQQNPQA,0.84,Disease Causing
seq1,Mutant_F10R,QQYPLGQGSRRPSQQNPQA,0.71,Disease Causing
seq1,Mutant_F10S,QQYPLGQGSSRPSQQNPQA,0.79,Disease Causing
seq1,Mutant_F10T,QQYPLGQGSTRPSQQNPQA,0.79,Disease Causing
seq1,Mutant_F10V,QQYPLGQGSVRPSQQNPQA,0.77,Disease Causing
seq1,Mutant_F10W,QQYPLGQGSWRPSQQNPQA,0.76,Disease Causing
seq1,Mutant_F10Y,QQYPLGQGSYRPSQQNPQA,0.79,Disease Causing
seq1,Mutant_R11A,QQYPLGQGSFAPSQQNPQA,0.81,Disease Causing
seq1,Mutant_R11C,QQYPLGQGSFCPSQQNPQA,0.85,Disease Causing
seq1,Mutant_R11D,QQYPLGQGSFDPSQQNPQA,0.7,Disease Causing
seq1,Mutant_R11E,QQYPLGQGSFEPSQQNPQA,0.87,Disease Causing
seq1,Mutant_R11F,QQYPLGQGSFFPSQQNPQA,0.89,Disease Causing
seq1,Mutant_R11G,QQYPLGQGSFGPSQQNPQA,0.89,Disease Causing
seq1,Mutant_R11H,QQYPLGQGSFHPSQQNPQA,0.87,Disease Causing
seq1,Mutant_R11I,QQYPLGQGSFIPSQQNPQA,0.85,Disease Causing
seq1,Mutant_R11K,QQYPLGQGSFKPSQQNPQA,0.74,Disease Causing
seq1,Mutant_R11L,QQYPLGQGSFLPSQQNPQA,0.86,Disease Causing
seq1,Mutant_R11M,QQYPLGQGSFMPSQQNPQA,0.79,Disease Causing
seq1,Mutant_R11N,QQYPLGQGSFNPSQQNPQA,0.81,Disease Causing
seq1,Mutant_R11P,QQYPLGQGSFPPSQQNPQA,0.9,Disease Causing
seq1,Mutant_R11Q,QQYPLGQGSFQPSQQNPQA,0.9,Disease Causing
seq1,Mutant_R11S,QQYPLGQGSFSPSQQNPQA,0.9,Disease Causing
seq1,Mutant_R11T,QQYPLGQGSFTPSQQNPQA,0.87,Disease Causing
seq1,Mutant_R11V,QQYPLGQGSFVPSQQNPQA,0.84,Disease Causing
seq1,Mutant_R11W,QQYPLGQGSFWPSQQNPQA,0.8,Disease Causing
seq1,Mutant_R11Y,QQYPLGQGSFYPSQQNPQA,0.86,Disease Causing
seq1,Mutant_P12A,QQYPLGQGSFRASQQNPQA,0.69,Disease Causing
seq1,Mutant_P12C,QQYPLGQGSFRCSQQNPQA,0.76,Disease Causing
seq1,Mutant_P12D,QQYPLGQGSFRDSQQNPQA,0.52,Disease Causing
seq1,Mutant_P12E,QQYPLGQGSFRESQQNPQA,0.78,Disease Causing
seq1,Mutant_P12F,QQYPLGQGSFRFSQQNPQA,0.78,Disease Causing
seq1,Mutant_P12G,QQYPLGQGSFRGSQQNPQA,0.79,Disease Causing
seq1,Mutant_P12H,QQYPLGQGSFRHSQQNPQA,0.74,Disease Causing
seq1,Mutant_P12I,QQYPLGQGSFRISQQNPQA,0.74,Disease Causing
seq1,Mutant_P12K,QQYPLGQGSFRKSQQNPQA,0.61,Disease Causing
seq1,Mutant_P12L,QQYPLGQGSFRLSQQNPQA,0.75,Disease Causing
seq1,Mutant_P12M,QQYPLGQGSFRMSQQNPQA,0.7,Disease Causing
seq1,Mutant_P12N,QQYPLGQGSFRNSQQNPQA,0.7,Disease Causing
seq1,Mutant_P12Q,QQYPLGQGSFRQSQQNPQA,0.81,Disease Causing
seq1,Mutant_P12R,QQYPLGQGSFRRSQQNPQA,0.71,Disease Causing
seq1,Mutant_P12S,QQYPLGQGSFRSSQQNPQA,0.76,Disease Causing
seq1,Mutant_P12T,QQYPLGQGSFRTSQQNPQA,0.75,Disease Causing
seq1,Mutant_P12V,QQYPLGQGSFRVSQQNPQA,0.71,Disease Causing
seq1,Mutant_P12W,QQYPLGQGSFRWSQQNPQA,0.71,Disease Causing
seq1,Mutant_P12Y,QQYPLGQGSFRYSQQNPQA,0.78,Disease Causing
seq1,Mutant_S13A,QQYPLGQGSFRPAQQNPQA,0.74,Disease Causing
seq1,Mutant_S13C,QQYPLGQGSFRPCQQNPQA,0.84,Disease Causing
seq1,Mutant_S13D,QQYPLGQGSFRPDQQNPQA,0.6,Disease Causing
seq1,Mutant_S13E,QQYPLGQGSFRPEQQNPQA,0.84,Disease Causing
seq1,Mutant_S13F,QQYPLGQGSFRPFQQNPQA,0.86,Disease Causing
seq1,Mutant_S13G,QQYPLGQGSFRPGQQNPQA,0.86,Disease Causing
seq1,Mutant_S13H,QQYPLGQGSFRPHQQNPQA,0.82,Disease Causing
seq1,Mutant_S13I,QQYPLGQGSFRPIQQNPQA,0.81,Disease Causing
seq1,Mutant_S13K,QQYPLGQGSFRPKQQNPQA,0.69,Disease Causing
seq1,Mutant_S13L,QQYPLGQGSFRPLQQNPQA,0.82,Disease Causing
seq1,Mutant_S13M,QQYPLGQGSFRPMQQNPQA,0.75,Disease Causing
seq1,Mutant_S13N,QQYPLGQGSFRPNQQNPQA,0.77,Disease Causing
seq1,Mutant_S13P,QQYPLGQGSFRPPQQNPQA,0.88,Disease Causing
seq1,Mutant_S13Q,QQYPLGQGSFRPQQQNPQA,0.88,Disease Causing
seq1,Mutant_S13R,QQYPLGQGSFRPRQQNPQA,0.78,Disease Causing
seq1,Mutant_S13T,QQYPLGQGSFRPTQQNPQA,0.82,Disease Causing
seq1,Mutant_S13V,QQYPLGQGSFRPVQQNPQA,0.81,Disease Causing
seq1,Mutant_S13W,QQYPLGQGSFRPWQQNPQA,0.77,Disease Causing
seq1,Mutant_S13Y,QQYPLGQGSFRPYQQNPQA,0.83,Disease Causing
seq1,Mutant_Q14A,QQYPLGQGSFRPSAQNPQA,0.67,Disease Causing
seq1,Mutant_Q14C,QQYPLGQGSFRPSCQNPQA,0.76,Disease Causing
seq1,Mutant_Q14D,QQYPLGQGSFRPSDQNPQA,0.5,Disease Causing
seq1,Mutant_Q14E,QQYPLGQGSFRPSEQNPQA,0.78,Disease Causing
seq1,Mutant_Q14F,QQYPLGQGSFRPSFQNPQA,0.79,Disease Causing
seq1,Mutant_Q14G,QQYPLGQGSFRPSGQNPQA,0.81,Disease Causing
seq1,Mutant_Q14H,QQYPLGQGSFRPSHQNPQA,0.75,Disease Causing
seq1,Mutant_Q14I,QQYPLGQGSFRPSIQNPQA,0.75,Disease Causing
seq1,Mutant_Q14K,QQYPLGQGSFRPSKQNPQA,0.63,Disease Causing
seq1,Mutant_Q14L,QQYPLGQGSFRPSLQNPQA,0.76,Disease Causing
seq1,Mutant_Q14M,QQYPLGQGSFRPSMQNPQA,0.7,Disease Causing
seq1,Mutant_Q14N,QQYPLGQGSFRPSNQNPQA,0.71,Disease Causing
seq1,Mutant_Q14P,QQYPLGQGSFRPSPQNPQA,0.82,Disease Causing
seq1,Mutant_Q14R,QQYPLGQGSFRPSRQNPQA,0.75,Disease Causing
seq1,Mutant_Q14S,QQYPLGQGSFRPSSQNPQA,0.79,Disease Causing
seq1,Mutant_Q14T,QQYPLGQGSFRPSTQNPQA,0.76,Disease Causing
seq1,Mutant_Q14V,QQYPLGQGSFRPSVQNPQA,0.72,Disease Causing
seq1,Mutant_Q14W,QQYPLGQGSFRPSWQNPQA,0.73,Disease Causing
seq1,Mutant_Q14Y,QQYPLGQGSFRPSYQNPQA,0.77,Disease Causing
seq1,Mutant_Q15A,QQYPLGQGSFRPSQANPQA,0.67,Disease Causing
seq1,Mutant_Q15C,QQYPLGQGSFRPSQCNPQA,0.76,Disease Causing
seq1,Mutant_Q15D,QQYPLGQGSFRPSQDNPQA,0.5,Disease Causing
seq1,Mutant_Q15E,QQYPLGQGSFRPSQENPQA,0.78,Disease Causing
seq1,Mutant_Q15F,QQYPLGQGSFRPSQFNPQA,0.79,Disease Causing
seq1,Mutant_Q15G,QQYPLGQGSFRPSQGNPQA,0.81,Disease Causing
seq1,Mutant_Q15H,QQYPLGQGSFRPSQHNPQA,0.75,Disease Causing
seq1,Mutant_Q15I,QQYPLGQGSFRPSQINPQA,0.75,Disease Causing
seq1,Mutant_Q15K,QQYPLGQGSFRPSQKNPQA,0.63,Disease Causing
seq1,Mutant_Q15L,QQYPLGQGSFRPSQLNPQA,0.76,Disease Causing
seq1,Mutant_Q15M,QQYPLGQGSFRPSQMNPQA,0.7,Disease Causing
seq1,Mutant_Q15N,QQYPLGQGSFRPSQNNPQA,0.71,Disease Causing
seq1,Mutant_Q15P,QQYPLGQGSFRPSQPNPQA,0.82,Disease Causing
seq1,Mutant_Q15R,QQYPLGQGSFRPSQRNPQA,0.75,Disease Causing
seq1,Mutant_Q15S,QQYPLGQGSFRPSQSNPQA,0.79,Disease Causing
seq1,Mutant_Q15T,QQYPLGQGSFRPSQTNPQA,0.76,Disease Causing
seq1,Mutant_Q15V,QQYPLGQGSFRPSQVNPQA,0.72,Disease Causing
seq1,Mutant_Q15W,QQYPLGQGSFRPSQWNPQA,0.73,Disease Causing
seq1,Mutant_Q15Y,QQYPLGQGSFRPSQYNPQA,0.77,Disease Causing
seq1,Mutant_N16A,QQYPLGQGSFRPSQQAPQA,0.75,Disease Causing
seq1,Mutant_N16C,QQYPLGQGSFRPSQQCPQA,0.82,Disease Causing
seq1,Mutant_N16D,QQYPLGQGSFRPSQQDPQA,0.59,Disease Causing
seq1,Mutant_N16E,QQYPLGQGSFRPSQQEPQA,0.84,Disease Causing
seq1,Mutant_N16F,QQYPLGQGSFRPSQQFPQA,0.85,Disease Causing
seq1,Mutant_N16G,QQYPLGQGSFRPSQQGPQA,0.85,Disease Causing
seq1,Mutant_N16H,QQYPLGQGSFRPSQQHPQA,0.82,Disease Causing
seq1,Mutant_N16I,QQYPLGQGSFRPSQQIPQA,0.82,Disease Causing
seq1,Mutant_N16K,QQYPLGQGSFRPSQQKPQA,0.72,Disease Causing
seq1,Mutant_N16L,QQYPLGQGSFRPSQQLPQA,0.81,Disease Causing
seq1,Mutant_N16M,QQYPLGQGSFRPSQQMPQA,0.74,Disease Causing
seq1,Mutant_N16P,QQYPLGQGSFRPSQQPPQA,0.88,Disease Causing
seq1,Mutant_N16Q,QQYPLGQGSFRPSQQQPQA,0.88,Disease Causing
seq1,Mutant_N16R,QQYPLGQGSFRPSQQRPQA,0.76,Disease Causing
seq1,Mutant_N16S,QQYPLGQGSFRPSQQSPQA,0.82,Disease Causing
seq1,Mutant_N16T,QQYPLGQGSFRPSQQTPQA,0.82,Disease Causing
seq1,Mutant_N16V,QQYPLGQGSFRPSQQVPQA,0.78,Disease Causing
seq1,Mutant_N16W,QQYPLGQGSFRPSQQWPQA,0.76,Disease Causing
seq1,Mutant_N16Y,QQYPLGQGSFRPSQQYPQA,0.85,Disease Causing
seq1,Mutant_P17A,QQYPLGQGSFRPSQQNAQA,0.69,Disease Causing
seq1,Mutant_P17C,QQYPLGQGSFRPSQQNCQA,0.76,Disease Causing
seq1,Mutant_P17D,QQYPLGQGSFRPSQQNDQA,0.52,Disease Causing
seq1,Mutant_P17E,QQYPLGQGSFRPSQQNEQA,0.78,Disease Causing
seq1,Mutant_P17F,QQYPLGQGSFRPSQQNFQA,0.78,Disease Causing
seq1,Mutant_P17G,QQYPLGQGSFRPSQQNGQA,0.79,Disease Causing
seq1,Mutant_P17H,QQYPLGQGSFRPSQQNHQA,0.74,Disease Causing
seq1,Mutant_P17I,QQYPLGQGSFRPSQQNIQA,0.74,Disease Causing
seq1,Mutant_P17K,QQYPLGQGSFRPSQQNKQA,0.61,Disease Causing
seq1,Mutant_P17L,QQYPLGQGSFRPSQQNLQA,0.75,Disease Causing
seq1,Mutant_P17M,QQYPLGQGSFRPSQQNMQA,0.7,Disease Causing
seq1,Mutant_P17N,QQYPLGQGSFRPSQQNNQA,0.7,Disease Causing
seq1,Mutant_P17Q,QQYPLGQGSFRPSQQNQQA,0.81,Disease Causing
seq1,Mutant_P17R,QQYPLGQGSFRPSQQNRQA,0.71,Disease Causing
seq1,Mutant_P17S,QQYPLGQGSFRPSQQNSQA,0.76,Disease Causing
seq1,Mutant_P17T,QQYPLGQGSFRPSQQNTQA,0.75,Disease Causing
seq1,Mutant_P17V,QQYPLGQGSFRPSQQNVQA,0.71,Disease Causing
seq1,Mutant_P17W,QQYPLGQGSFRPSQQNWQA,0.71,Disease Causing
seq1,Mutant_P17Y,QQYPLGQGSFRPSQQNYQA,0.78,Disease Causing
seq1,Mutant_Q18A,QQYPLGQGSFRPSQQNPAA,0.67,Disease Causing
seq1,Mutant_Q18C,QQYPLGQGSFRPSQQNPCA,0.76,Disease Causing
seq1,Mutant_Q18D,QQYPLGQGSFRPSQQNPDA,0.5,Disease Causing
seq1,Mutant_Q18E,QQYPLGQGSFRPSQQNPEA,0.78,Disease Causing
seq1,Mutant_Q18F,QQYPLGQGSFRPSQQNPFA,0.79,Disease Causing
seq1,Mutant_Q18G,QQYPLGQGSFRPSQQNPGA,0.81,Disease Causing
seq1,Mutant_Q18H,QQYPLGQGSFRPSQQNPHA,0.75,Disease Causing
seq1,Mutant_Q18I,QQYPLGQGSFRPSQQNPIA,0.75,Disease Causing
seq1,Mutant_Q18K,QQYPLGQGSFRPSQQNPKA,0.63,Disease Causing
seq1,Mutant_Q18L,QQYPLGQGSFRPSQQNPLA,0.76,Disease Causing
seq1,Mutant_Q18M,QQYPLGQGSFRPSQQNPMA,0.7,Disease Causing
seq1,Mutant_Q18N,QQYPLGQGSFRPSQQNPNA,0.71,Disease Causing
seq1,Mutant_Q18P,QQYPLGQGSFRPSQQNPPA,0.82,Disease Causing
seq1,Mutant_Q18R,QQYPLGQGSFRPSQQNPRA,0.75,Disease Causing
seq1,Mutant_Q18S,QQYPLGQGSFRPSQQNPSA,0.79,Disease Causing
seq1,Mutant_Q18T,QQYPLGQGSFRPSQQNPTA,0.76,Disease Causing
seq1,Mutant_Q18V,QQYPLGQGSFRPSQQNPVA,0.72,Disease Causing
seq1,Mutant_Q18W,QQYPLGQGSFRPSQQNPWA,0.73,Disease Causing
seq1,Mutant_Q18Y,QQYPLGQGSFRPSQQNPYA,0.77,Disease Causing
seq1,Mutant_A19C,QQYPLGQGSFRPSQQNPQC,0.83,Disease Causing
seq1,Mutant_A19D,QQYPLGQGSFRPSQQNPQD,0.59,Disease Causing
seq1,Mutant_A19E,QQYPLGQGSFRPSQQNPQE,0.84,Disease Causing
seq1,Mutant_A19F,QQYPLGQGSFRPSQQNPQF,0.87,Disease Causing
seq1,Mutant_A19G,QQYPLGQGSFRPSQQNPQG,0.87,Disease Causing
seq1,Mutant_A19H,QQYPLGQGSFRPSQQNPQH,0.82,Disease Causing
seq1,Mutant_A19I,QQYPLGQGSFRPSQQNPQI,0.84,Disease Causing
seq1,Mutant_A19K,QQYPLGQGSFRPSQQNPQK,0.71,Disease Causing
seq1,Mutant_A19L,QQYPLGQGSFRPSQQNPQL,0.83,Disease Causing
seq1,Mutant_A19M,QQYPLGQGSFRPSQQNPQM,0.77,Disease Causing
seq1,Mutant_A19N,QQYPLGQGSFRPSQQNPQN,0.8,Disease Causing
seq1,Mutant_A19P,QQYPLGQGSFRPSQQNPQP,0.9,Disease Causing
seq1,Mutant_A19Q,QQYPLGQGSFRPSQQNPQQ,0.88,Disease Causing
seq1,Mutant_A19R,QQYPLGQGSFRPSQQNPQR,0.81,Disease Causing
seq1,Mutant_A19S,QQYPLGQGSFRPSQQNPQS,0.84,Disease Causing
seq1,Mutant_A19T,QQYPLGQGSFRPSQQNPQT,0.88,Disease Causing
seq1,Mutant_A19V,QQYPLGQGSFRPSQQNPQV,0.79,Disease Causing
seq1,Mutant_A19W,QQYPLGQGSFRPSQQNPQW,0.79,Disease Causing
seq1,Mutant_A19Y,QQYPLGQGSFRPSQQNPQY,0.86,Disease Causing
seq2,Original,YTNDLSMASLGVAAVAIAVL,0.02,Disease non-causing
seq2,Mutant_Y1A,ATNDLSMASLGVAAVAIAVL,0.03,Disease non-causing
seq2,Mutant_Y1C,CTNDLSMASLGVAAVAIAVL,0.06,Disease non-causing
seq2,Mutant_Y1D,DTNDLSMASLGVAAVAIAVL,0.03,Disease non-causing
seq2,Mutant_Y1E,ETNDLSMASLGVAAVAIAVL,0.03,Disease non-causing
seq2,Mutant_Y1F,FTNDLSMASLGVAAVAIAVL,0.04,Disease non-causing
seq2,Mutant_Y1G,GTNDLSMASLGVAAVAIAVL,0.03,Disease non-causing
seq2,Mutant_Y1H,HTNDLSMASLGVAAVAIAVL,0.02,Disease non-causing
seq2,Mutant_Y1I,ITNDLSMASLGVAAVAIAVL,0.04,Disease non-causing
seq2,Mutant_Y1K,KTNDLSMASLGVAAVAIAVL,0.02,Disease non-causing
seq2,Mutant_Y1L,LTNDLSMASLGVAAVAIAVL,0.03,Disease non-causing
seq2,Mutant_Y1M,MTNDLSMASLGVAAVAIAVL,0.03,Disease non-causing
seq2,Mutant_Y1N,NTNDLSMASLGVAAVAIAVL,0.02,Disease non-causing
seq2,Mutant_Y1P,PTNDLSMASLGVAAVAIAVL,0.04,Disease non-causing
seq2,Mutant_Y1Q,QTNDLSMASLGVAAVAIAVL,0.03,Disease non-causing
seq2,Mutant_Y1R,RTNDLSMASLGVAAVAIAVL,0.02,Disease non-causing
seq2,Mutant_Y1S,STNDLSMASLGVAAVAIAVL,0.03,Disease non-causing
seq2,Mutant_Y1T,TTNDLSMASLGVAAVAIAVL,0.04,Disease non-causing
seq2,Mutant_Y1V,VTNDLSMASLGVAAVAIAVL,0.02,Disease non-causing
seq2,Mutant_Y1W,WTNDLSMASLGVAAVAIAVL,0.03,Disease non-causing
seq2,Mutant_T2A,YANDLSMASLGVAAVAIAVL,0.06,Disease non-causing
seq2,Mutant_T2C,YCNDLSMASLGVAAVAIAVL,0.09,Disease non-causing
seq2,Mutant_T2D,YDNDLSMASLGVAAVAIAVL,0.05,Disease non-causing
seq2,Mutant_T2E,YENDLSMASLGVAAVAIAVL,0.03,Disease non-causing
seq2,Mutant_T2F,YFNDLSMASLGVAAVAIAVL,0.06,Disease non-causing
seq2,Mutant_T2G,YGNDLSMASLGVAAVAIAVL,0.06,Disease non-causing
seq2,Mutant_T2H,YHNDLSMASLGVAAVAIAVL,0.06,Disease non-causing
seq2,Mutant_T2I,YINDLSMASLGVAAVAIAVL,0.09,Disease non-causing
seq2,Mutant_T2K,YKNDLSMASLGVAAVAIAVL,0.06,Disease non-causing
seq2,Mutant_T2L,YLNDLSMASLGVAAVAIAVL,0.06,Disease non-causing
seq2,Mutant_T2M,YMNDLSMASLGVAAVAIAVL,0.07,Disease non-causing
seq2,Mutant_T2N,YNNDLSMASLGVAAVAIAVL,0.04,Disease non-causing
seq2,Mutant_T2P,YPNDLSMASLGVAAVAIAVL,0.08,Disease non-causing
seq2,Mutant_T2Q,YQNDLSMASLGVAAVAIAVL,0.07,Disease non-causing
seq2,Mutant_T2R,YRNDLSMASLGVAAVAIAVL,0.02,Disease non-causing
seq2,Mutant_T2S,YSNDLSMASLGVAAVAIAVL,0.06,Disease non-causing
seq2,Mutant_T2V,YVNDLSMASLGVAAVAIAVL,0.06,Disease non-causing
seq2,Mutant_T2W,YWNDLSMASLGVAAVAIAVL,0.06,Disease non-causing
seq2,Mutant_T2Y,YYNDLSMASLGVAAVAIAVL,0.06,Disease non-causing
seq2,Mutant_N3A,YTADLSMASLGVAAVAIAVL,0.03,Disease non-causing
seq2,Mutant_N3C,YTCDLSMASLGVAAVAIAVL,0.06,Disease non-causing
seq2,Mutant_N3D,YTDDLSMASLGVAAVAIAVL,0.04,Disease non-causing
seq2,Mutant_N3E,YTEDLSMASLGVAAVAIAVL,0.04,Disease non-causing
seq2,Mutant_N3F,YTFDLSMASLGVAAVAIAVL,0.04,Disease non-causing
seq2,Mutant_N3G,YTGDLSMASLGVAAVAIAVL,0.03,Disease non-causing
seq2,Mutant_N3H,YTHDLSMASLGVAAVAIAVL,0.05,Disease non-causing
seq2,Mutant_N3I,YTIDLSMASLGVAAVAIAVL,0.06,Disease non-causing
seq2,Mutant_N3K,YTKDLSMASLGVAAVAIAVL,0.03,Disease non-causing
seq2,Mutant_N3L,YTLDLSMASLGVAAVAIAVL,0.04,Disease non-causing
seq2,Mutant_N3M,YTMDLSMASLGVAAVAIAVL,0.06,Disease non-causing
seq2,Mutant_N3P,YTPDLSMASLGVAAVAIAVL,0.05,Disease non-causing
seq2,Mutant_N3Q,YTQDLSMASLGVAAVAIAVL,0.03,Disease non-causing
seq2,Mutant_N3R,YTRDLSMASLGVAAVAIAVL,0.01,Disease non-causing
seq2,Mutant_N3S,YTSDLSMASLGVAAVAIAVL,0.03,Disease non-causing
seq2,Mutant_N3T,YTTDLSMASLGVAAVAIAVL,0.05,Disease non-causing
seq2,Mutant_N3V,YTVDLSMASLGVAAVAIAVL,0.03,Disease non-causing
seq2,Mutant_N3W,YTWDLSMASLGVAAVAIAVL,0.03,Disease non-causing
seq2,Mutant_N3Y,YTYDLSMASLGVAAVAIAVL,0.03,Disease non-causing
seq2,Mutant_D4A,YTNALSMASLGVAAVAIAVL,0.03,Disease non-causing
seq2,Mutant_D4C,YTNCLSMASLGVAAVAIAVL,0.05,Disease non-causing
seq2,Mutant_D4E,YTNELSMASLGVAAVAIAVL,0.05,Disease non-causing
seq2,Mutant_D4F,YTNFLSMASLGVAAVAIAVL,0.04,Disease non-causing
seq2,Mutant_D4G,YTNGLSMASLGVAAVAIAVL,0.03,Disease non-causing
seq2,Mutant_D4H,YTNHLSMASLGVAAVAIAVL,0.03,Disease non-causing
seq2,Mutant_D4I,YTNILSMASLGVAAVAIAVL,0.05,Disease non-causing
seq2,Mutant_D4K,YTNKLSMASLGVAAVAIAVL,0.02,Disease non-causing
seq2,Mutant_D4L,YTNLLSMASLGVAAVAIAVL,0.03,Disease non-causing
seq2,Mutant_D4M,YTNMLSMASLGVAAVAIAVL,0.05,Disease non-causing
seq2,Mutant_D4N,YTNNLSMASLGVAAVAIAVL,0.02,Disease non-causing
seq2,Mutant_D4P,YTNPLSMASLGVAAVAIAVL,0.07,Disease non-causing
seq2,Mutant_D4Q,YTNQLSMASLGVAAVAIAVL,0.03,Disease non-causing
seq2,Mutant_D4R,YTNRLSMASLGVAAVAIAVL,0.03,Disease non-causing
seq2,Mutant_D4S,YTNSLSMASLGVAAVAIAVL,0.03,Disease non-causing
seq2,Mutant_D4T,YTNTLSMASLGVAAVAIAVL,0.04,Disease non-causing
seq2,Mutant_D4V,YTNVLSMASLGVAAVAIAVL,0.03,Disease non-causing
seq2,Mutant_D4W,YTNWLSMASLGVAAVAIAVL,0.03,Disease non-causing
seq2,Mutant_D4Y,YTNYLSMASLGVAAVAIAVL,0.05,Disease non-causing
seq2,Mutant_L5A,YTNDASMASLGVAAVAIAVL,0.02,Disease non-causing
seq2,Mutant_L5C,YTNDCSMASLGVAAVAIAVL,0.05,Disease non-causing
seq2,Mutant_L5D,YTNDDSMASLGVAAVAIAVL,0.02,Disease non-causing
seq2,Mutant_L5E,YTNDESMASLGVAAVAIAVL,0.03,Disease non-causing
seq2,Mutant_L5F,YTNDFSMASLGVAAVAIAVL,0.02,Disease non-causing
seq2,Mutant_L5G,YTNDGSMASLGVAAVAIAVL,0.02,Disease non-causing
seq2,Mutant_L5H,YTNDHSMASLGVAAVAIAVL,0.02,Disease non-causing
seq2,Mutant_L5I,YTNDISMASLGVAAVAIAVL,0.05,Disease non-causing
seq2,Mutant_L5K,YTNDKSMASLGVAAVAIAVL,0.01,Disease non-causing
seq2,Mutant_L5M,YTNDMSMASLGVAAVAIAVL,0.04,Disease non-causing
seq2,Mutant_L5N,YTNDNSMASLGVAAVAIAVL,0.01,Disease non-causing
seq2,Mutant_L5P,YTNDPSMASLGVAAVAIAVL,0.04,Disease non-causing
seq2,Mutant_L5Q,YTNDQSMASLGVAAVAIAVL,0.02,Disease non-causing
seq2,Mutant_L5R,YTNDRSMASLGVAAVAIAVL,0.01,Disease non-causing
seq2,Mutant_L5S,YTNDSSMASLGVAAVAIAVL,0.02,Disease non-causing
seq2,Mutant_L5T,YTNDTSMASLGVAAVAIAVL,0.02,Disease non-causing
seq2,Mutant_L5V,YTNDVSMASLGVAAVAIAVL,0.02,Disease non-causing
seq2,Mutant_L5W,YTNDWSMASLGVAAVAIAVL,0.03,Disease non-causing
seq2,Mutant_L5Y,YTNDYSMASLGVAAVAIAVL,0.02,Disease non-causing
seq2,Mutant_S6A,YTNDLAMASLGVAAVAIAVL,0.03,Disease non-causing
seq2,Mutant_S6C,YTNDLCMASLGVAAVAIAVL,0.07,Disease non-causing
seq2,Mutant_S6D,YTNDLDMASLGVAAVAIAVL,0.03,Disease non-causing
seq2,Mutant_S6E,YTNDLEMASLGVAAVAIAVL,0.04,Disease non-causing
seq2,Mutant_S6F,YTNDLFMASLGVAAVAIAVL,0.04,Disease non-causing
seq2,Mutant_S6G,YTNDLGMASLGVAAVAIAVL,0.02,Disease non-causing
seq2,Mutant_S6H,YTNDLHMASLGVAAVAIAVL,0.03,Disease non-causing
seq2,Mutant_S6I,YTNDLIMASLGVAAVAIAVL,0.06,Disease non-causing
seq2,Mutant_S6K,YTNDLKMASLGVAAVAIAVL,0.03,Disease non-causing
seq2,Mutant_S6L,YTNDLLMASLGVAAVAIAVL,0.03,Disease non-causing
seq2,Mutant_S6M,YTNDLMMASLGVAAVAIAVL,0.05,Disease non-causing
seq2,Mutant_S6N,YTNDLNMASLGVAAVAIAVL,0.02,Disease non-causing
seq2,Mutant_S6P,YTNDLPMASLGVAAVAIAVL,0.05,Disease non-causing
seq2,Mutant_S6Q,YTNDLQMASLGVAAVAIAVL,0.03,Disease non-causing
seq2,Mutant_S6R,YTNDLRMASLGVAAVAIAVL,0.02,Disease non-causing
seq2,Mutant_S6T,YTNDLTMASLGVAAVAIAVL,0.03,Disease non-causing
seq2,Mutant_S6V,YTNDLVMASLGVAAVAIAVL,0.03,Disease non-causing
seq2,Mutant_S6W,YTNDLWMASLGVAAVAIAVL,0.03,Disease non-causing
seq2,Mutant_S6Y,YTNDLYMASLGVAAVAIAVL,0.02,Disease non-causing
seq2,Mutant_M7A,YTNDLSAASLGVAAVAIAVL,0.01,Disease non-causing
seq2,Mutant_M7C,YTNDLSCASLGVAAVAIAVL,0.03,Disease non-causing
seq2,Mutant_M7D,YTNDLSDASLGVAAVAIAVL,0.02,Disease non-causing
seq2,Mutant_M7E,YTNDLSEASLGVAAVAIAVL,0.03,Disease non-causing
seq2,Mutant_M7F,YTNDLSFASLGVAAVAIAVL,0.01,Disease non-causing
seq2,Mutant_M7G,YTNDLSGASLGVAAVAIAVL,0.01,Disease non-causing
seq2,Mutant_M7H,YTNDLSHASLGVAAVAIAVL,0.01,Disease non-causing
seq2,Mutant_M7I,YTNDLSIASLGVAAVAIAVL,0.04,Disease non-causing
seq2,Mutant_M7K,YTNDLSKASLGVAAVAIAVL,0.01,Disease non-causing
seq2,Mutant_M7L,YTNDLSLASLGVAAVAIAVL,0.01,Disease non-causing
seq2,Mutant_M7N,YTNDLSNASLGVAAVAIAVL,0.01,Disease non-causing
seq2,Mutant_M7P,YTNDLSPASLGVAAVAIAVL,0.03,Disease non-causing
seq2,Mutant_M7Q,YTNDLSQASLGVAAVAIAVL,0.01,Disease non-causing
seq2,Mutant_M7R,YTNDLSRASLGVAAVAIAVL,0.01,Disease non-causing
seq2,Mutant_M7S,YTNDLSSASLGVAAVAIAVL,0.01,Disease non-causing
seq2,Mutant_M7T,YTNDLSTASLGVAAVAIAVL,0.03,Disease non-causing
seq2,Mutant_M7V,YTNDLSVASLGVAAVAIAVL,0.01,Disease non-causing
seq2,Mutant_M7W,YTNDLSWASLGVAAVAIAVL,0.02,Disease non-causing
seq2,Mutant_M7Y,YTNDLSYASLGVAAVAIAVL,0.02,Disease non-causing
seq2,Mutant_A8C,YTNDLSMCSLGVAAVAIAVL,0.05,Disease non-causing
seq2,Mutant_A8D,YTNDLSMDSLGVAAVAIAVL,0.02,Disease non-causing
seq2,Mutant_A8E,YTNDLSMESLGVAAVAIAVL,0.03,Disease non-causing
seq2,Mutant_A8F,YTNDLSMFSLGVAAVAIAVL,0.03,Disease non-causing
seq2,Mutant_A8G,YTNDLSMGSLGVAAVAIAVL,0.02,Disease non-causing
seq2,Mutant_A8H,YTNDLSMHSLGVAAVAIAVL,0.02,Disease non-causing
seq2,Mutant_A8I,YTNDLSMISLGVAAVAIAVL,0.05,Disease non-causing
seq2,Mutant_A8K,YTNDLSMKSLGVAAVAIAVL,0.01,Disease non-causing
seq2,Mutant_A8L,YTNDLSMLSLGVAAVAIAVL,0.02,Disease non-causing
seq2,Mutant_A8M,YTNDLSMMSLGVAAVAIAVL,0.04,Disease non-causing
seq2,Mutant_A8N,YTNDLSMNSLGVAAVAIAVL,0.01,Disease non-causing
seq2,Mutant_A8P,YTNDLSMPSLGVAAVAIAVL,0.04,Disease non-causing
seq2,Mutant_A8Q,YTNDLSMQSLGVAAVAIAVL,0.02,Disease non-causing
seq2,Mutant_A8R,YTNDLSMRSLGVAAVAIAVL,0.01,Disease non-causing
seq2,Mutant_A8S,YTNDLSMSSLGVAAVAIAVL,0.02,Disease non-causing
seq2,Mutant_A8T,YTNDLSMTSLGVAAVAIAVL,0.03,Disease non-causing
seq2,Mutant_A8V,YTNDLSMVSLGVAAVAIAVL,0.02,Disease non-causing
seq2,Mutant_A8W,YTNDLSMWSLGVAAVAIAVL,0.03,Disease non-causing
seq2,Mutant_A8Y,YTNDLSMYSLGVAAVAIAVL,0.02,Disease non-causing
seq2,Mutant_S9A,YTNDLSMAALGVAAVAIAVL,0.03,Disease non-causing
seq2,Mutant_S9C,YTNDLSMACLGVAAVAIAVL,0.07,Disease non-causing
seq2,Mutant_S9D,YTNDLSMADLGVAAVAIAVL,0.03,Disease non-causing
seq2,Mutant_S9E,YTNDLSMAELGVAAVAIAVL,0.04,Disease non-causing
seq2,Mutant_S9F,YTNDLSMAFLGVAAVAIAVL,0.04,Disease non-causing
seq2,Mutant_S9G,YTNDLSMAGLGVAAVAIAVL,0.02,Disease non-causing
seq2,Mutant_S9H,YTNDLSMAHLGVAAVAIAVL,0.03,Disease non-causing
seq2,Mutant_S9I,YTNDLSMAILGVAAVAIAVL,0.06,Disease non-causing
seq2,Mutant_S9K,YTNDLSMAKLGVAAVAIAVL,0.03,Disease non-causing
seq2,Mutant_S9L,YTNDLSMALLGVAAVAIAVL,0.03,Disease non-causing
seq2,Mutant_S9M,YTNDLSMAMLGVAAVAIAVL,0.05,Disease non-causing
seq2,Mutant_S9N,YTNDLSMANLGVAAVAIAVL,0.02,Disease non-causing
seq2,Mutant_S9P,YTNDLSMAPLGVAAVAIAVL,0.05,Disease non-causing
seq2,Mutant_S9Q,YTNDLSMAQLGVAAVAIAVL,0.03,Disease non-causing
seq2,Mutant_S9R,YTNDLSMARLGVAAVAIAVL,0.02,Disease non-causing
seq2,Mutant_S9T,YTNDLSMATLGVAAVAIAVL,0.03,Disease non-causing
seq2,Mutant_S9V,YTNDLSMAVLGVAAVAIAVL,0.03,Disease non-causing
seq2,Mutant_S9W,YTNDLSMAWLGVAAVAIAVL,0.03,Disease non-causing
seq2,Mutant_S9Y,YTNDLSMAYLGVAAVAIAVL,0.02,Disease non-causing
seq2,Mutant_L10A,YTNDLSMASAGVAAVAIAVL,0.02,Disease non-causing
seq2,Mutant_L10C,YTNDLSMASCGVAAVAIAVL,0.05,Disease non-causing
seq2,Mutant_L10D,YTNDLSMASDGVAAVAIAVL,0.02,Disease non-causing
seq2,Mutant_L10E,YTNDLSMASEGVAAVAIAVL,0.03,Disease non-causing
seq2,Mutant_L10F,YTNDLSMASFGVAAVAIAVL,0.02,Disease non-causing
seq2,Mutant_L10G,YTNDLSMASGGVAAVAIAVL,0.02,Disease non-causing
seq2,Mutant_L10H,YTNDLSMASHGVAAVAIAVL,0.02,Disease non-causing
seq2,Mutant_L10I,YTNDLSMASIGVAAVAIAVL,0.05,Disease non-causing
seq2,Mutant_L10K,YTNDLSMASKGVAAVAIAVL,0.01,Disease non-causing
seq2,Mutant_L10M,YTNDLSMASMGVAAVAIAVL,0.04,Disease non-causing
seq2,Mutant_L10N,YTNDLSMASNGVAAVAIAVL,0.01,Disease non-causing
seq2,Mutant_L10P,YTNDLSMASPGVAAVAIAVL,0.04,Disease non-causing
seq2,Mutant_L10Q,YTNDLSMASQGVAAVAIAVL,0.02,Disease non-causing
seq2,Mutant_L10R,YTNDLSMASRGVAAVAIAVL,0.01,Disease non-causing
seq2,Mutant_L10S,YTNDLSMASSGVAAVAIAVL,0.02,Disease non-causing
seq2,Mutant_L10T,YTNDLSMASTGVAAVAIAVL,0.02,Disease non-causing
seq2,Mutant_L10V,YTNDLSMASVGVAAVAIAVL,0.02,Disease non-causing
seq2,Mutant_L10W,YTNDLSMASWGVAAVAIAVL,0.03,Disease non-causing
seq2,Mutant_L10Y,YTNDLSMASYGVAAVAIAVL,0.02,Disease non-causing
seq2,Mutant_G11A,YTNDLSMASLAVAAVAIAVL,0.05,Disease non-causing
seq2,Mutant_G11C,YTNDLSMASLCVAAVAIAVL,0.08,Disease non-causing
seq2,Mutant_G11D,YTNDLSMASLDVAAVAIAVL,0.05,Disease non-causing
seq2,Mutant_G11E,YTNDLSMASLEVAAVAIAVL,0.06,Disease non-causing
seq2,Mutant_G11F,YTNDLSMASLFVAAVAIAVL,0.06,Disease non-causing
seq2,Mutant_G11H,YTNDLSMASLHVAAVAIAVL,0.05,Disease non-causing
seq2,Mutant_G11I,YTNDLSMASLIVAAVAIAVL,0.08,Disease non-causing
seq2,Mutant_G11K,YTNDLSMASLKVAAVAIAVL,0.04,Disease non-causing
seq2,Mutant_G11L,YTNDLSMASLLVAAVAIAVL,0.06,Disease non-causing
seq2,Mutant_G11M,YTNDLSMASLMVAAVAIAVL,0.08,Disease non-causing
seq2,Mutant_G11N,YTNDLSMASLNVAAVAIAVL,0.04,Disease non-causing
seq2,Mutant_G11P,YTNDLSMASLPVAAVAIAVL,0.07,Disease non-causing
seq2,Mutant_G11Q,YTNDLSMASLQVAAVAIAVL,0.04,Disease non-causing
seq2,Mutant_G11R,YTNDLSMASLRVAAVAIAVL,0.04,Disease non-causing
seq2,Mutant_G11S,YTNDLSMASLSVAAVAIAVL,0.05,Disease non-causing
seq2,Mutant_G11T,YTNDLSMASLTVAAVAIAVL,0.06,Disease non-causing
seq2,Mutant_G11V,YTNDLSMASLVVAAVAIAVL,0.05,Disease non-causing
seq2,Mutant_G11W,YTNDLSMASLWVAAVAIAVL,0.05,Disease non-causing
seq2,Mutant_G11Y,YTNDLSMASLYVAAVAIAVL,0.03,Disease non-causing
seq2,Mutant_V12A,YTNDLSMASLGAAAVAIAVL,0.02,Disease non-causing
seq2,Mutant_V12C,YTNDLSMASLGCAAVAIAVL,0.06,Disease non-causing
seq2,Mutant_V12D,YTNDLSMASLGDAAVAIAVL,0.03,Disease non-causing
seq2,Mutant_V12E,YTNDLSMASLGEAAVAIAVL,0.03,Disease non-causing
seq2,Mutant_V12F,YTNDLSMASLGFAAVAIAVL,0.03,Disease non-causing
seq2,Mutant_V12G,YTNDLSMASLGGAAVAIAVL,0.02,Disease non-causing
seq2,Mutant_V12H,YTNDLSMASLGHAAVAIAVL,0.02,Disease non-causing
seq2,Mutant_V12I,YTNDLSMASLGIAAVAIAVL,0.03,Disease non-causing
seq2,Mutant_V12K,YTNDLSMASLGKAAVAIAVL,0.02,Disease non-causing
seq2,Mutant_V12L,YTNDLSMASLGLAAVAIAVL,0.02,Disease non-causing
seq2,Mutant_V12M,YTNDLSMASLGMAAVAIAVL,0.02,Disease non-causing
seq2,Mutant_V12N,YTNDLSMASLGNAAVAIAVL,0.02,Disease non-causing
seq2,Mutant_V12P,YTNDLSMASLGPAAVAIAVL,0.04,Disease non-causing
seq2,Mutant_V12Q,YTNDLSMASLGQAAVAIAVL,0.02,Disease non-causing
seq2,Mutant_V12R,YTNDLSMASLGRAAVAIAVL,0.02,Disease non-causing
seq2,Mutant_V12S,YTNDLSMASLGSAAVAIAVL,0.02,Disease non-causing
seq2,Mutant_V12T,YTNDLSMASLGTAAVAIAVL,0.03,Disease non-causing
seq2,Mutant_V12W,YTNDLSMASLGWAAVAIAVL,0.03,Disease non-causing
seq2,Mutant_V12Y,YTNDLSMASLGYAAVAIAVL,0.03,Disease non-causing
seq2,Mutant_A13C,YTNDLSMASLGVCAVAIAVL,0.05,Disease non-causing
seq2,Mutant_A13D,YTNDLSMASLGVDAVAIAVL,0.02,Disease non-causing
seq2,Mutant_A13E,YTNDLSMASLGVEAVAIAVL,0.03,Disease non-causing
seq2,Mutant_A13F,YTNDLSMASLGVFAVAIAVL,0.03,Disease non-causing
seq2,Mutant_A13G,YTNDLSMASLGVGAVAIAVL,0.02,Disease non-causing
seq2,Mutant_A13H,YTNDLSMASLGVHAVAIAVL,0.02,Disease non-causing
seq2,Mutant_A13I,YTNDLSMASLGVIAVAIAVL,0.05,Disease non-causing
seq2,Mutant_A13K,YTNDLSMASLGVKAVAIAVL,0.01,Disease non-causing
seq2,Mutant_A13L,YTNDLSMASLGVLAVAIAVL,0.02,Disease non-causing
seq2,Mutant_A13M,YTNDLSMASLGVMAVAIAVL,0.04,Disease non-causing
seq2,Mutant_A13N,YTNDLSMASLGVNAVAIAVL,0.01,Disease non-causing
seq2,Mutant_A13P,YTNDLSMASLGVPAVAIAVL,0.04,Disease non-causing
seq2,Mutant_A13Q,YTNDLSMASLGVQAVAIAVL,0.02,Disease non-causing
seq2,Mutant_A13R,YTNDLSMASLGVRAVAIAVL,0.01,Disease non-causing
seq2,Mutant_A13S,YTNDLSMASLGVSAVAIAVL,0.02,Disease non-causing
seq2,Mutant_A13T,YTNDLSMASLGVTAVAIAVL,0.03,Disease non-causing
seq2,Mutant_A13V,YTNDLSMASLGVVAVAIAVL,0.02,Disease non-causing
seq2,Mutant_A13W,YTNDLSMASLGVWAVAIAVL,0.03,Disease non-causing
seq2,Mutant_A13Y,YTNDLSMASLGVYAVAIAVL,0.02,Disease non-causing
seq2,Mutant_A14C,YTNDLSMASLGVACVAIAVL,0.05,Disease non-causing
seq2,Mutant_A14D,YTNDLSMASLGVADVAIAVL,0.02,Disease non-causing
seq2,Mutant_A14E,YTNDLSMASLGVAEVAIAVL,0.03,Disease non-causing
seq2,Mutant_A14F,YTNDLSMASLGVAFVAIAVL,0.03,Disease non-causing
seq2,Mutant_A14G,YTNDLSMASLGVAGVAIAVL,0.02,Disease non-causing
seq2,Mutant_A14H,YTNDLSMASLGVAHVAIAVL,0.02,Disease non-causing
seq2,Mutant_A14I,YTNDLSMASLGVAIVAIAVL,0.05,Disease non-causing
seq2,Mutant_A14K,YTNDLSMASLGVAKVAIAVL,0.01,Disease non-causing
seq2,Mutant_A14L,YTNDLSMASLGVALVAIAVL,0.02,Disease non-causing
seq2,Mutant_A14M,YTNDLSMASLGVAMVAIAVL,0.04,Disease non-causing
seq2,Mutant_A14N,YTNDLSMASLGVANVAIAVL,0.01,Disease non-causing
seq2,Mutant_A14P,YTNDLSMASLGVAPVAIAVL,0.04,Disease non-causing
seq2,Mutant_A14Q,YTNDLSMASLGVAQVAIAVL,0.02,Disease non-causing
seq2,Mutant_A14R,YTNDLSMASLGVARVAIAVL,0.01,Disease non-causing
seq2,Mutant_A14S,YTNDLSMASLGVASVAIAVL,0.02,Disease non-causing
seq2,Mutant_A14T,YTNDLSMASLGVATVAIAVL,0.03,Disease non-causing
seq2,Mutant_A14V,YTNDLSMASLGVAVVAIAVL,0.02,Disease non-causing
seq2,Mutant_A14W,YTNDLSMASLGVAWVAIAVL,0.03,Disease non-causing
seq2,Mutant_A14Y,YTNDLSMASLGVAYVAIAVL,0.02,Disease non-causing
seq2,Mutant_V15A,YTNDLSMASLGVAAAAIAVL,0.02,Disease non-causing
seq2,Mutant_V15C,YTNDLSMASLGVAACAIAVL,0.06,Disease non-causing
seq2,Mutant_V15D,YTNDLSMASLGVAADAIAVL,0.03,Disease non-causing
seq2,Mutant_V15E,YTNDLSMASLGVAAEAIAVL,0.03,Disease non-causing
seq2,Mutant_V15F,YTNDLSMASLGVAAFAIAVL,0.03,Disease non-causing
seq2,Mutant_V15G,YTNDLSMASLGVAAGAIAVL,0.02,Disease non-causing
seq2,Mutant_V15H,YTNDLSMASLGVAAHAIAVL,0.02,Disease non-causing
seq2,Mutant_V15I,YTNDLSMASLGVAAIAIAVL,0.03,Disease non-causing
seq2,Mutant_V15K,YTNDLSMASLGVAAKAIAVL,0.02,Disease non-causing
seq2,Mutant_V15L,YTNDLSMASLGVAALAIAVL,0.02,Disease non-causing
seq2,Mutant_V15M,YTNDLSMASLGVAAMAIAVL,0.02,Disease non-causing
seq2,Mutant_V15N,YTNDLSMASLGVAANAIAVL,0.02,Disease non-causing
seq2,Mutant_V15P,YTNDLSMASLGVAAPAIAVL,0.04,Disease non-causing
seq2,Mutant_V15Q,YTNDLSMASLGVAAQAIAVL,0.02,Disease non-causing
seq2,Mutant_V15R,YTNDLSMASLGVAARAIAVL,0.02,Disease non-causing
seq2,Mutant_V15S,YTNDLSMASLGVAASAIAVL,0.02,Disease non-causing
seq2,Mutant_V15T,YTNDLSMASLGVAATAIAVL,0.03,Disease non-causing
seq2,Mutant_V15W,YTNDLSMASLGVAAWAIAVL,0.03,Disease non-causing
seq2,Mutant_V15Y,YTNDLSMASLGVAAYAIAVL,0.03,Disease non-causing
seq2,Mutant_A16C,YTNDLSMASLGVAAVCIAVL,0.05,Disease non-causing
seq2,Mutant_A16D,YTNDLSMASLGVAAVDIAVL,0.02,Disease non-causing
seq2,Mutant_A16E,YTNDLSMASLGVAAVEIAVL,0.03,Disease non-causing
seq2,Mutant_A16F,YTNDLSMASLGVAAVFIAVL,0.03,Disease non-causing
seq2,Mutant_A16G,YTNDLSMASLGVAAVGIAVL,0.02,Disease non-causing
seq2,Mutant_A16H,YTNDLSMASLGVAAVHIAVL,0.02,Disease non-causing
seq2,Mutant_A16I,YTNDLSMASLGVAAVIIAVL,0.05,Disease non-causing
seq2,Mutant_A16K,YTNDLSMASLGVAAVKIAVL,0.01,Disease non-causing
seq2,Mutant_A16L,YTNDLSMASLGVAAVLIAVL,0.02,Disease non-causing
seq2,Mutant_A16M,YTNDLSMASLGVAAVMIAVL,0.04,Disease non-causing
seq2,Mutant_A16N,YTNDLSMASLGVAAVNIAVL,0.01,Disease non-causing
seq2,Mutant_A16P,YTNDLSMASLGVAAVPIAVL,0.04,Disease non-causing
seq2,Mutant_A16Q,YTNDLSMASLGVAAVQIAVL,0.02,Disease non-causing
seq2,Mutant_A16R,YTNDLSMASLGVAAVRIAVL,0.01,Disease non-causing
seq2,Mutant_A16S,YTNDLSMASLGVAAVSIAVL,0.02,Disease non-causing
seq2,Mutant_A16T,YTNDLSMASLGVAAVTIAVL,0.03,Disease non-causing
seq2,Mutant_A16V,YTNDLSMASLGVAAVVIAVL,0.02,Disease non-causing
seq2,Mutant_A16W,YTNDLSMASLGVAAVWIAVL,0.03,Disease non-causing
seq2,Mutant_A16Y,YTNDLSMASLGVAAVYIAVL,0.02,Disease non-causing
seq2,Mutant_I17A,YTNDLSMASLGVAAVAAAVL,0.02,Disease non-causing
seq2,Mutant_I17C,YTNDLSMASLGVAAVACAVL,0.04,Disease non-causing
seq2,Mutant_I17D,YTNDLSMASLGVAAVADAVL,0.02,Disease non-causing
seq2,Mutant_I17E,YTNDLSMASLGVAAVAEAVL,0.03,Disease non-causing
seq2,Mutant_I17F,YTNDLSMASLGVAAVAFAVL,0.03,Disease non-causing
seq2,Mutant_I17G,YTNDLSMASLGVAAVAGAVL,0.02,Disease non-causing
seq2,Mutant_I17H,YTNDLSMASLGVAAVAHAVL,0.02,Disease non-causing
seq2,Mutant_I17K,YTNDLSMASLGVAAVAKAVL,0.02,Disease non-causing
seq2,Mutant_I17L,YTNDLSMASLGVAAVALAVL,0.02,Disease non-causing
seq2,Mutant_I17M,YTNDLSMASLGVAAVAMAVL,0.04,Disease non-causing
seq2,Mutant_I17N,YTNDLSMASLGVAAVANAVL,0.02,Disease non-causing
seq2,Mutant_I17P,YTNDLSMASLGVAAVAPAVL,0.04,Disease non-causing
seq2,Mutant_I17Q,YTNDLSMASLGVAAVAQAVL,0.02,Disease non-causing
seq2,Mutant_I17R,YTNDLSMASLGVAAVARAVL,0.01,Disease non-causing
seq2,Mutant_I17S,YTNDLSMASLGVAAVASAVL,0.02,Disease non-causing
seq2,Mutant_I17T,YTNDLSMASLGVAAVATAVL,0.03,Disease non-causing
seq2,Mutant_I17V,YTNDLSMASLGVAAVAVAVL,0.02,Disease non-causing
seq2,Mutant_I17W,YTNDLSMASLGVAAVAWAVL,0.03,Disease non-causing
seq2,Mutant_I17Y,YTNDLSMASLGVAAVAYAVL,0.03,Disease non-causing
seq2,Mutant_A18C,YTNDLSMASLGVAAVAICVL,0.05,Disease non-causing
seq2,Mutant_A18D,YTNDLSMASLGVAAVAIDVL,0.02,Disease non-causing
seq2,Mutant_A18E,YTNDLSMASLGVAAVAIEVL,0.03,Disease non-causing
seq2,Mutant_A18F,YTNDLSMASLGVAAVAIFVL,0.03,Disease non-causing
seq2,Mutant_A18G,YTNDLSMASLGVAAVAIGVL,0.02,Disease non-causing
seq2,Mutant_A18H,YTNDLSMASLGVAAVAIHVL,0.02,Disease non-causing
seq2,Mutant_A18I,YTNDLSMASLGVAAVAIIVL,0.05,Disease non-causing
seq2,Mutant_A18K,YTNDLSMASLGVAAVAIKVL,0.01,Disease non-causing
seq2,Mutant_A18L,YTNDLSMASLGVAAVAILVL,0.02,Disease non-causing
seq2,Mutant_A18M,YTNDLSMASLGVAAVAIMVL,0.04,Disease non-causing
seq2,Mutant_A18N,YTNDLSMASLGVAAVAINVL,0.01,Disease non-causing
seq2,Mutant_A18P,YTNDLSMASLGVAAVAIPVL,0.04,Disease non-causing
seq2,Mutant_A18Q,YTNDLSMASLGVAAVAIQVL,0.02,Disease non-causing
seq2,Mutant_A18R,YTNDLSMASLGVAAVAIRVL,0.01,Disease non-causing
seq2,Mutant_A18S,YTNDLSMASLGVAAVAISVL,0.02,Disease non-causing
seq2,Mutant_A18T,YTNDLSMASLGVAAVAITVL,0.03,Disease non-causing
seq2,Mutant_A18V,YTNDLSMASLGVAAVAIVVL,0.02,Disease non-causing
seq2,Mutant_A18W,YTNDLSMASLGVAAVAIWVL,0.03,Disease non-causing
seq2,Mutant_A18Y,YTNDLSMASLGVAAVAIYVL,0.02,Disease non-causing
seq2,Mutant_V19A,YTNDLSMASLGVAAVAIAAL,0.02,Disease non-causing
seq2,Mutant_V19C,YTNDLSMASLGVAAVAIACL,0.06,Disease non-causing
seq2,Mutant_V19D,YTNDLSMASLGVAAVAIADL,0.03,Disease non-causing
seq2,Mutant_V19E,YTNDLSMASLGVAAVAIAEL,0.03,Disease non-causing
seq2,Mutant_V19F,YTNDLSMASLGVAAVAIAFL,0.03,Disease non-causing
seq2,Mutant_V19G,YTNDLSMASLGVAAVAIAGL,0.02,Disease non-causing
seq2,Mutant_V19H,YTNDLSMASLGVAAVAIAHL,0.02,Disease non-causing
seq2,Mutant_V19I,YTNDLSMASLGVAAVAIAIL,0.03,Disease non-causing
seq2,Mutant_V19K,YTNDLSMASLGVAAVAIAKL,0.02,Disease non-causing
seq2,Mutant_V19L,YTNDLSMASLGVAAVAIALL,0.02,Disease non-causing
seq2,Mutant_V19M,YTNDLSMASLGVAAVAIAML,0.02,Disease non-causing
seq2,Mutant_V19N,YTNDLSMASLGVAAVAIANL,0.02,Disease non-causing
seq2,Mutant_V19P,YTNDLSMASLGVAAVAIAPL,0.04,Disease non-causing
seq2,Mutant_V19Q,YTNDLSMASLGVAAVAIAQL,0.02,Disease non-causing
seq2,Mutant_V19R,YTNDLSMASLGVAAVAIARL,0.02,Disease non-causing
seq2,Mutant_V19S,YTNDLSMASLGVAAVAIASL,0.02,Disease non-causing
seq2,Mutant_V19T,YTNDLSMASLGVAAVAIATL,0.03,Disease non-causing
seq2,Mutant_V19W,YTNDLSMASLGVAAVAIAWL,0.03,Disease non-causing
seq2,Mutant_V19Y,YTNDLSMASLGVAAVAIAYL,0.03,Disease non-causing
seq2,Mutant_L20A,YTNDLSMASLGVAAVAIAVA,0.02,Disease non-causing
seq2,Mutant_L20C,YTNDLSMASLGVAAVAIAVC,0.05,Disease non-causing
seq2,Mutant_L20D,YTNDLSMASLGVAAVAIAVD,0.02,Disease non-causing
seq2,Mutant_L20E,YTNDLSMASLGVAAVAIAVE,0.03,Disease non-causing
seq2,Mutant_L20F,YTNDLSMASLGVAAVAIAVF,0.02,Disease non-causing
seq2,Mutant_L20G,YTNDLSMASLGVAAVAIAVG,0.02,Disease non-causing
seq2,Mutant_L20H,YTNDLSMASLGVAAVAIAVH,0.02,Disease non-causing
seq2,Mutant_L20I,YTNDLSMASLGVAAVAIAVI,0.05,Disease non-causing
seq2,Mutant_L20K,YTNDLSMASLGVAAVAIAVK,0.01,Disease non-causing
seq2,Mutant_L20M,YTNDLSMASLGVAAVAIAVM,0.04,Disease non-causing
seq2,Mutant_L20N,YTNDLSMASLGVAAVAIAVN,0.01,Disease non-causing
seq2,Mutant_L20P,YTNDLSMASLGVAAVAIAVP,0.04,Disease non-causing
seq2,Mutant_L20Q,YTNDLSMASLGVAAVAIAVQ,0.02,Disease non-causing
seq2,Mutant_L20R,YTNDLSMASLGVAAVAIAVR,0.01,Disease non-causing
seq2,Mutant_L20S,YTNDLSMASLGVAAVAIAVS,0.02,Disease non-causing
seq2,Mutant_L20T,YTNDLSMASLGVAAVAIAVT,0.02,Disease non-causing
seq2,Mutant_L20V,YTNDLSMASLGVAAVAIAVV,0.02,Disease non-causing
seq2,Mutant_L20W,YTNDLSMASLGVAAVAIAVW,0.03,Disease non-causing
seq2,Mutant_L20Y,YTNDLSMASLGVAAVAIAVY,0.02,Disease non-causing
seq3,Original,SQQPYLQLQPFPQPQLPYSQ,0.99,Disease Causing
seq3,Mutant_S1A,AQQPYLQLQPFPQPQLPYSQ,0.93,Disease Causing
seq3,Mutant_S1C,CQQPYLQLQPFPQPQLPYSQ,0.93,Disease Causing
seq3,Mutant_S1D,DQQPYLQLQPFPQPQLPYSQ,0.78,Disease Causing
seq3,Mutant_S1E,EQQPYLQLQPFPQPQLPYSQ,0.95,Disease Causing
seq3,Mutant_S1F,FQQPYLQLQPFPQPQLPYSQ,0.98,Disease Causing
seq3,Mutant_S1G,GQQPYLQLQPFPQPQLPYSQ,0.94,Disease Causing
seq3,Mutant_S1H,HQQPYLQLQPFPQPQLPYSQ,0.94,Disease Causing
seq3,Mutant_S1I,IQQPYLQLQPFPQPQLPYSQ,0.97,Disease Causing
seq3,Mutant_S1K,KQQPYLQLQPFPQPQLPYSQ,0.93,Disease Causing
seq3,Mutant_S1L,LQQPYLQLQPFPQPQLPYSQ,0.96,Disease Causing
seq3,Mutant_S1M,MQQPYLQLQPFPQPQLPYSQ,0.97,Disease Causing
seq3,Mutant_S1N,NQQPYLQLQPFPQPQLPYSQ,0.95,Disease Causing
seq3,Mutant_S1P,PQQPYLQLQPFPQPQLPYSQ,0.99,Disease Causing
seq3,Mutant_S1Q,QQQPYLQLQPFPQPQLPYSQ,0.98,Disease Causing
seq3,Mutant_S1R,RQQPYLQLQPFPQPQLPYSQ,0.96,Disease Causing
seq3,Mutant_S1T,TQQPYLQLQPFPQPQLPYSQ,0.97,Disease Causing
seq3,Mutant_S1V,VQQPYLQLQPFPQPQLPYSQ,0.95,Disease Causing
seq3,Mutant_S1W,WQQPYLQLQPFPQPQLPYSQ,0.96,Disease Causing
seq3,Mutant_S1Y,YQQPYLQLQPFPQPQLPYSQ,0.98,Disease Causing
seq3,Mutant_Q2A,SAQPYLQLQPFPQPQLPYSQ,0.92,Disease Causing
seq3,Mutant_Q2C,SCQPYLQLQPFPQPQLPYSQ,0.89,Disease Causing
seq3,Mutant_Q2D,SDQPYLQLQPFPQPQLPYSQ,0.73,Disease Causing
seq3,Mutant_Q2E,SEQPYLQLQPFPQPQLPYSQ,0.93,Disease Causing
seq3,Mutant_Q2F,SFQPYLQLQPFPQPQLPYSQ,0.98,Disease Causing
seq3,Mutant_Q2G,SGQPYLQLQPFPQPQLPYSQ,0.92,Disease Causing
seq3,Mutant_Q2H,SHQPYLQLQPFPQPQLPYSQ,0.91,Disease Causing
seq3,Mutant_Q2I,SIQPYLQLQPFPQPQLPYSQ,0.95,Disease Causing
seq3,Mutant_Q2K,SKQPYLQLQPFPQPQLPYSQ,0.9,Disease Causing
seq3,Mutant_Q2L,SLQPYLQLQPFPQPQLPYSQ,0.95,Disease Causing
seq3,Mutant_Q2M,SMQPYLQLQPFPQPQLPYSQ,0.95,Disease Causing
seq3,Mutant_Q2N,SNQPYLQLQPFPQPQLPYSQ,0.93,Disease Causing
seq3,Mutant_Q2P,SPQPYLQLQPFPQPQLPYSQ,0.97,Disease Causing
seq3,Mutant_Q2R,SRQPYLQLQPFPQPQLPYSQ,0.95,Disease Causing
seq3,Mutant_Q2S,SSQPYLQLQPFPQPQLPYSQ,0.96,Disease Causing
seq3,Mutant_Q2T,STQPYLQLQPFPQPQLPYSQ,0.95,Disease Causing
seq3,Mutant_Q2V,SVQPYLQLQPFPQPQLPYSQ,0.92,Disease Causing
seq3,Mutant_Q2W,SWQPYLQLQPFPQPQLPYSQ,0.95,Disease Causing
seq3,Mutant_Q2Y,SYQPYLQLQPFPQPQLPYSQ,0.96,Disease Causing
seq3,Mutant_Q3A,SQAPYLQLQPFPQPQLPYSQ,0.92,Disease Causing
seq3,Mutant_Q3C,SQCPYLQLQPFPQPQLPYSQ,0.89,Disease Causing
seq3,Mutant_Q3D,SQDPYLQLQPFPQPQLPYSQ,0.73,Disease Causing
seq3,Mutant_Q3E,SQEPYLQLQPFPQPQLPYSQ,0.93,Disease Causing
seq3,Mutant_Q3F,SQFPYLQLQPFPQPQLPYSQ,0.98,Disease Causing
seq3,Mutant_Q3G,SQGPYLQLQPFPQPQLPYSQ,0.92,Disease Causing
seq3,Mutant_Q3H,SQHPYLQLQPFPQPQLPYSQ,0.91,Disease Causing
seq3,Mutant_Q3I,SQIPYLQLQPFPQPQLPYSQ,0.95,Disease Causing
seq3,Mutant_Q3K,SQKPYLQLQPFPQPQLPYSQ,0.9,Disease Causing
seq3,Mutant_Q3L,SQLPYLQLQPFPQPQLPYSQ,0.95,Disease Causing
seq3,Mutant_Q3M,SQMPYLQLQPFPQPQLPYSQ,0.95,Disease Causing
seq3,Mutant_Q3N,SQNPYLQLQPFPQPQLPYSQ,0.93,Disease Causing
seq3,Mutant_Q3P,SQPPYLQLQPFPQPQLPYSQ,0.97,Disease Causing
seq3,Mutant_Q3R,SQRPYLQLQPFPQPQLPYSQ,0.95,Disease Causing
seq3,Mutant_Q3S,SQSPYLQLQPFPQPQLPYSQ,0.96,Disease Causing
seq3,Mutant_Q3T,SQTPYLQLQPFPQPQLPYSQ,0.95,Disease Causing
seq3,Mutant_Q3V,SQVPYLQLQPFPQPQLPYSQ,0.92,Disease Causing
seq3,Mutant_Q3W,SQWPYLQLQPFPQPQLPYSQ,0.95,Disease Causing
seq3,Mutant_Q3Y,SQYPYLQLQPFPQPQLPYSQ,0.96,Disease Causing
seq3,Mutant_P4A,SQQAYLQLQPFPQPQLPYSQ,0.91,Disease Causing
seq3,Mutant_P4C,SQQCYLQLQPFPQPQLPYSQ,0.91,Disease Causing
seq3,Mutant_P4D,SQQDYLQLQPFPQPQLPYSQ,0.73,Disease Causing
seq3,Mutant_P4E,SQQEYLQLQPFPQPQLPYSQ,0.9,Disease Causing
seq3,Mutant_P4F,SQQFYLQLQPFPQPQLPYSQ,0.97,Disease Causing
seq3,Mutant_P4G,SQQGYLQLQPFPQPQLPYSQ,0.91,Disease Causing
seq3,Mutant_P4H,SQQHYLQLQPFPQPQLPYSQ,0.9,Disease Causing
seq3,Mutant_P4I,SQQIYLQLQPFPQPQLPYSQ,0.94,Disease Causing
seq3,Mutant_P4K,SQQKYLQLQPFPQPQLPYSQ,0.89,Disease Causing
seq3,Mutant_P4L,SQQLYLQLQPFPQPQLPYSQ,0.94,Disease Causing
seq3,Mutant_P4M,SQQMYLQLQPFPQPQLPYSQ,0.95,Disease Causing
seq3,Mutant_P4N,SQQNYLQLQPFPQPQLPYSQ,0.94,Disease Causing
seq3,Mutant_P4Q,SQQQYLQLQPFPQPQLPYSQ,0.96,Disease Causing
seq3,Mutant_P4R,SQQRYLQLQPFPQPQLPYSQ,0.94,Disease Causing
seq3,Mutant_P4S,SQQSYLQLQPFPQPQLPYSQ,0.96,Disease Causing
seq3,Mutant_P4T,SQQTYLQLQPFPQPQLPYSQ,0.95,Disease Causing
seq3,Mutant_P4V,SQQVYLQLQPFPQPQLPYSQ,0.89,Disease Causing
seq3,Mutant_P4W,SQQWYLQLQPFPQPQLPYSQ,0.94,Disease Causing
seq3,Mutant_P4Y,SQQYYLQLQPFPQPQLPYSQ,0.96,Disease Causing
seq3,Mutant_Y5A,SQQPALQLQPFPQPQLPYSQ,0.95,Disease Causing
seq3,Mutant_Y5C,SQQPCLQLQPFPQPQLPYSQ,0.91,Disease Causing
seq3,Mutant_Y5D,SQQPDLQLQPFPQPQLPYSQ,0.75,Disease Causing
seq3,Mutant_Y5E,SQQPELQLQPFPQPQLPYSQ,0.95,Disease Causing
seq3,Mutant_Y5F,SQQPFLQLQPFPQPQLPYSQ,0.98,Disease Causing
seq3,Mutant_Y5G,SQQPGLQLQPFPQPQLPYSQ,0.94,Disease Causing
seq3,Mutant_Y5H,SQQPHLQLQPFPQPQLPYSQ,0.92,Disease Causing
seq3,Mutant_Y5I,SQQPILQLQPFPQPQLPYSQ,0.97,Disease Causing
seq3,Mutant_Y5K,SQQPKLQLQPFPQPQLPYSQ,0.92,Disease Causing
seq3,Mutant_Y5L,SQQPLLQLQPFPQPQLPYSQ,0.97,Disease Causing
seq3,Mutant_Y5M,SQQPMLQLQPFPQPQLPYSQ,0.97,Disease Causing
seq3,Mutant_Y5N,SQQPNLQLQPFPQPQLPYSQ,0.95,Disease Causing
seq3,Mutant_Y5P,SQQPPLQLQPFPQPQLPYSQ,0.99,Disease Causing
seq3,Mutant_Y5Q,SQQPQLQLQPFPQPQLPYSQ,0.99,Disease Causing
seq3,Mutant_Y5R,SQQPRLQLQPFPQPQLPYSQ,0.97,Disease Causing
seq3,Mutant_Y5S,SQQPSLQLQPFPQPQLPYSQ,0.98,Disease Causing
seq3,Mutant_Y5T,SQQPTLQLQPFPQPQLPYSQ,0.97,Disease Causing
seq3,Mutant_Y5V,SQQPVLQLQPFPQPQLPYSQ,0.95,Disease Causing
seq3,Mutant_Y5W,SQQPWLQLQPFPQPQLPYSQ,0.97,Disease Causing
seq3,Mutant_L6A,SQQPYAQLQPFPQPQLPYSQ,0.94,Disease Causing
seq3,Mutant_L6C,SQQPYCQLQPFPQPQLPYSQ,0.9,Disease Causing
seq3,Mutant_L6D,SQQPYDQLQPFPQPQLPYSQ,0.78,Disease Causing
seq3,Mutant_L6E,SQQPYEQLQPFPQPQLPYSQ,0.95,Disease Causing
seq3,Mutant_L6F,SQQPYFQLQPFPQPQLPYSQ,0.99,Disease Causing
seq3,Mutant_L6G,SQQPYGQLQPFPQPQLPYSQ,0.95,Disease Causing
seq3,Mutant_L6H,SQQPYHQLQPFPQPQLPYSQ,0.93,Disease Causing
seq3,Mutant_L6I,SQQPYIQLQPFPQPQLPYSQ,0.98,Disease Causing
seq3,Mutant_L6K,SQQPYKQLQPFPQPQLPYSQ,0.93,Disease Causing
seq3,Mutant_L6M,SQQPYMQLQPFPQPQLPYSQ,0.96,Disease Causing
seq3,Mutant_L6N,SQQPYNQLQPFPQPQLPYSQ,0.97,Disease Causing
seq3,Mutant_L6P,SQQPYPQLQPFPQPQLPYSQ,0.99,Disease Causing
seq3,Mutant_L6Q,SQQPYQQLQPFPQPQLPYSQ,0.99,Disease Causing
seq3,Mutant_L6R,SQQPYRQLQPFPQPQLPYSQ,0.96,Disease Causing
seq3,Mutant_L6S,SQQPYSQLQPFPQPQLPYSQ,0.98,Disease Causing
seq3,Mutant_L6T,SQQPYTQLQPFPQPQLPYSQ,0.98,Disease Causing
seq3,Mutant_L6V,SQQPYVQLQPFPQPQLPYSQ,0.97,Disease Causing
seq3,Mutant_L6W,SQQPYWQLQPFPQPQLPYSQ,0.97,Disease Causing
seq3,Mutant_L6Y,SQQPYYQLQPFPQPQLPYSQ,0.98,Disease Causing
seq3,Mutant_Q7A,SQQPYLALQPFPQPQLPYSQ,0.92,Disease Causing
seq3,Mutant_Q7C,SQQPYLCLQPFPQPQLPYSQ,0.89,Disease Causing
seq3,Mutant_Q7D,SQQPYLDLQPFPQPQLPYSQ,0.73,Disease Causing
seq3,Mutant_Q7E,SQQPYLELQPFPQPQLPYSQ,0.93,Disease Causing
seq3,Mutant_Q7F,SQQPYLFLQPFPQPQLPYSQ,0.98,Disease Causing
seq3,Mutant_Q7G,SQQPYLGLQPFPQPQLPYSQ,0.92,Disease Causing
seq3,Mutant_Q7H,SQQPYLHLQPFPQPQLPYSQ,0.91,Disease Causing
seq3,Mutant_Q7I,SQQPYLILQPFPQPQLPYSQ,0.95,Disease Causing
seq3,Mutant_Q7K,SQQPYLKLQPFPQPQLPYSQ,0.9,Disease Causing
seq3,Mutant_Q7L,SQQPYLLLQPFPQPQLPYSQ,0.95,Disease Causing
seq3,Mutant_Q7M,SQQPYLMLQPFPQPQLPYSQ,0.95,Disease Causing
seq3,Mutant_Q7N,SQQPYLNLQPFPQPQLPYSQ,0.93,Disease Causing
seq3,Mutant_Q7P,SQQPYLPLQPFPQPQLPYSQ,0.97,Disease Causing
seq3,Mutant_Q7R,SQQPYLRLQPFPQPQLPYSQ,0.95,Disease Causing
seq3,Mutant_Q7S,SQQPYLSLQPFPQPQLPYSQ,0.96,Disease Causing
seq3,Mutant_Q7T,SQQPYLTLQPFPQPQLPYSQ,0.95,Disease Causing
seq3,Mutant_Q7V,SQQPYLVLQPFPQPQLPYSQ,0.92,Disease Causing
seq3,Mutant_Q7W,SQQPYLWLQPFPQPQLPYSQ,0.95,Disease Causing
seq3,Mutant_Q7Y,SQQPYLYLQPFPQPQLPYSQ,0.96,Disease Causing
seq3,Mutant_L8A,SQQPYLQAQPFPQPQLPYSQ,0.94,Disease Causing
seq3,Mutant_L8C,SQQPYLQCQPFPQPQLPYSQ,0.9,Disease Causing
seq3,Mutant_L8D,SQQPYLQDQPFPQPQLPYSQ,0.78,Disease Causing
seq3,Mutant_L8E,SQQPYLQEQPFPQPQLPYSQ,0.95,Disease Causing
seq3,Mutant_L8F,SQQPYLQFQPFPQPQLPYSQ,0.99,Disease Causing
seq3,Mutant_L8G,SQQPYLQGQPFPQPQLPYSQ,0.95,Disease Causing
seq3,Mutant_L8H,SQQPYLQHQPFPQPQLPYSQ,0.93,Disease Causing
seq3,Mutant_L8I,SQQPYLQIQPFPQPQLPYSQ,0.98,Disease Causing
seq3,Mutant_L8K,SQQPYLQKQPFPQPQLPYSQ,0.93,Disease Causing
seq3,Mutant_L8M,SQQPYLQMQPFPQPQLPYSQ,0.96,Disease Causing
seq3,Mutant_L8N,SQQPYLQNQPFPQPQLPYSQ,0.97,Disease Causing
seq3,Mutant_L8P,SQQPYLQPQPFPQPQLPYSQ,0.99,Disease Causing
seq3,Mutant_L8Q,SQQPYLQQQPFPQPQLPYSQ,0.99,Disease Causing
seq3,Mutant_L8R,SQQPYLQRQPFPQPQLPYSQ,0.96,Disease Causing
seq3,Mutant_L8S,SQQPYLQSQPFPQPQLPYSQ,0.98,Disease Causing
seq3,Mutant_L8T,SQQPYLQTQPFPQPQLPYSQ,0.98,Disease Causing
seq3,Mutant_L8V,SQQPYLQVQPFPQPQLPYSQ,0.97,Disease Causing
seq3,Mutant_L8W,SQQPYLQWQPFPQPQLPYSQ,0.97,Disease Causing
seq3,Mutant_L8Y,SQQPYLQYQPFPQPQLPYSQ,0.98,Disease Causing
seq3,Mutant_Q9A,SQQPYLQLAPFPQPQLPYSQ,0.92,Disease Causing
seq3,Mutant_Q9C,SQQPYLQLCPFPQPQLPYSQ,0.89,Disease Causing
seq3,Mutant_Q9D,SQQPYLQLDPFPQPQLPYSQ,0.73,Disease Causing
seq3,Mutant_Q9E,SQQPYLQLEPFPQPQLPYSQ,0.93,Disease Causing
seq3,Mutant_Q9F,SQQPYLQLFPFPQPQLPYSQ,0.98,Disease Causing
seq3,Mutant_Q9G,SQQPYLQLGPFPQPQLPYSQ,0.92,Disease Causing
seq3,Mutant_Q9H,SQQPYLQLHPFPQPQLPYSQ,0.91,Disease Causing
seq3,Mutant_Q9I,SQQPYLQLIPFPQPQLPYSQ,0.95,Disease Causing
seq3,Mutant_Q9K,SQQPYLQLKPFPQPQLPYSQ,0.9,Disease Causing
seq3,Mutant_Q9L,SQQPYLQLLPFPQPQLPYSQ,0.95,Disease Causing
seq3,Mutant_Q9M,SQQPYLQLMPFPQPQLPYSQ,0.95,Disease Causing
seq3,Mutant_Q9N,SQQPYLQLNPFPQPQLPYSQ,0.93,Disease Causing
seq3,Mutant_Q9P,SQQPYLQLPPFPQPQLPYSQ,0.97,Disease Causing
seq3,Mutant_Q9R,SQQPYLQLRPFPQPQLPYSQ,0.95,Disease Causing
seq3,Mutant_Q9S,SQQPYLQLSPFPQPQLPYSQ,0.96,Disease Causing
seq3,Mutant_Q9T,SQQPYLQLTPFPQPQLPYSQ,0.95,Disease Causing
seq3,Mutant_Q9V,SQQPYLQLVPFPQPQLPYSQ,0.92,Disease Causing
seq3,Mutant_Q9W,SQQPYLQLWPFPQPQLPYSQ,0.95,Disease Causing
seq3,Mutant_Q9Y,SQQPYLQLYPFPQPQLPYSQ,0.96,Disease Causing
seq3,Mutant_P10A,SQQPYLQLQAFPQPQLPYSQ,0.91,Disease Causing
seq3,Mutant_P10C,SQQPYLQLQCFPQPQLPYSQ,0.91,Disease Causing
seq3,Mutant_P10D,SQQPYLQLQDFPQPQLPYSQ,0.73,Disease Causing
seq3,Mutant_P10E,SQQPYLQLQEFPQPQLPYSQ,0.9,Disease Causing
seq3,Mutant_P10F,SQQPYLQLQFFPQPQLPYSQ,0.97,Disease Causing
seq3,Mutant_P10G,SQQPYLQLQGFPQPQLPYSQ,0.91,Disease Causing
seq3,Mutant_P10H,SQQPYLQLQHFPQPQLPYSQ,0.9,Disease Causing
seq3,Mutant_P10I,SQQPYLQLQIFPQPQLPYSQ,0.94,Disease Causing
seq3,Mutant_P10K,SQQPYLQLQKFPQPQLPYSQ,0.89,Disease Causing
seq3,Mutant_P10L,SQQPYLQLQLFPQPQLPYSQ,0.94,Disease Causing
seq3,Mutant_P10M,SQQPYLQLQMFPQPQLPYSQ,0.95,Disease Causing
seq3,Mutant_P10N,SQQPYLQLQNFPQPQLPYSQ,0.94,Disease Causing
seq3,Mutant_P10Q,SQQPYLQLQQFPQPQLPYSQ,0.96,Disease Causing
seq3,Mutant_P10R,SQQPYLQLQRFPQPQLPYSQ,0.94,Disease Causing
seq3,Mutant_P10S,SQQPYLQLQSFPQPQLPYSQ,0.96,Disease Causing
seq3,Mutant_P10T,SQQPYLQLQTFPQPQLPYSQ,0.95,Disease Causing
seq3,Mutant_P10V,SQQPYLQLQVFPQPQLPYSQ,0.89,Disease Causing
seq3,Mutant_P10W,SQQPYLQLQWFPQPQLPYSQ,0.94,Disease Causing
seq3,Mutant_P10Y,SQQPYLQLQYFPQPQLPYSQ,0.96,Disease Causing
seq3,Mutant_F11A,SQQPYLQLQPAPQPQLPYSQ,0.93,Disease Causing
seq3,Mutant_F11C,SQQPYLQLQPCPQPQLPYSQ,0.86,Disease Causing
seq3,Mutant_F11D,SQQPYLQLQPDPQPQLPYSQ,0.81,Disease Causing
seq3,Mutant_F11E,SQQPYLQLQPEPQPQLPYSQ,0.96,Disease Causing
seq3,Mutant_F11G,SQQPYLQLQPGPQPQLPYSQ,0.95,Disease Causing
seq3,Mutant_F11H,SQQPYLQLQPHPQPQLPYSQ,0.9,Disease Causing
seq3,Mutant_F11I,SQQPYLQLQPIPQPQLPYSQ,0.96,Disease Causing
seq3,Mutant_F11K,SQQPYLQLQPKPQPQLPYSQ,0.89,Disease Causing
seq3,Mutant_F11L,SQQPYLQLQPLPQPQLPYSQ,0.96,Disease Causing
seq3,Mutant_F11M,SQQPYLQLQPMPQPQLPYSQ,0.96,Disease Causing
seq3,Mutant_F11N,SQQPYLQLQPNPQPQLPYSQ,0.9,Disease Causing
seq3,Mutant_F11P,SQQPYLQLQPPPQPQLPYSQ,0.98,Disease Causing
seq3,Mutant_F11Q,SQQPYLQLQPQPQPQLPYSQ,0.99,Disease Causing
seq3,Mutant_F11R,SQQPYLQLQPRPQPQLPYSQ,0.97,Disease Causing
seq3,Mutant_F11S,SQQPYLQLQPSPQPQLPYSQ,0.98,Disease Causing
seq3,Mutant_F11T,SQQPYLQLQPTPQPQLPYSQ,0.96,Disease Causing
seq3,Mutant_F11V,SQQPYLQLQPVPQPQLPYSQ,0.94,Disease Causing
seq3,Mutant_F11W,SQQPYLQLQPWPQPQLPYSQ,0.96,Disease Causing
seq3,Mutant_F11Y,SQQPYLQLQPYPQPQLPYSQ,0.98,Disease Causing
seq3,Mutant_P12A,SQQPYLQLQPFAQPQLPYSQ,0.91,Disease Causing
seq3,Mutant_P12C,SQQPYLQLQPFCQPQLPYSQ,0.91,Disease Causing
seq3,Mutant_P12D,SQQPYLQLQPFDQPQLPYSQ,0.73,Disease Causing
seq3,Mutant_P12E,SQQPYLQLQPFEQPQLPYSQ,0.9,Disease Causing
seq3,Mutant_P12F,SQQPYLQLQPFFQPQLPYSQ,0.97,Disease Causing
seq3,Mutant_P12G,SQQPYLQLQPFGQPQLPYSQ,0.91,Disease Causing
seq3,Mutant_P12H,SQQPYLQLQPFHQPQLPYSQ,0.9,Disease Causing
seq3,Mutant_P12I,SQQPYLQLQPFIQPQLPYSQ,0.94,Disease Causing
seq3,Mutant_P12K,SQQPYLQLQPFKQPQLPYSQ,0.89,Disease Causing
seq3,Mutant_P12L,SQQPYLQLQPFLQPQLPYSQ,0.94,Disease Causing
seq3,Mutant_P12M,SQQPYLQLQPFMQPQLPYSQ,0.95,Disease Causing
seq3,Mutant_P12N,SQQPYLQLQPFNQPQLPYSQ,0.94,Disease Causing
seq3,Mutant_P12Q,SQQPYLQLQPFQQPQLPYSQ,0.96,Disease Causing
seq3,Mutant_P12R,SQQPYLQLQPFRQPQLPYSQ,0.94,Disease Causing
seq3,Mutant_P12S,SQQPYLQLQPFSQPQLPYSQ,0.96,Disease Causing
seq3,Mutant_P12T,SQQPYLQLQPFTQPQLPYSQ,0.95,Disease Causing
seq3,Mutant_P12V,SQQPYLQLQPFVQPQLPYSQ,0.89,Disease Causing
seq3,Mutant_P12W,SQQPYLQLQPFWQPQLPYSQ,0.94,Disease Causing
seq3,Mutant_P12Y,SQQPYLQLQPFYQPQLPYSQ,0.96,Disease Causing
seq3,Mutant_Q13A,SQQPYLQLQPFPAPQLPYSQ,0.92,Disease Causing
seq3,Mutant_Q13C,SQQPYLQLQPFPCPQLPYSQ,0.89,Disease Causing
seq3,Mutant_Q13D,SQQPYLQLQPFPDPQLPYSQ,0.73,Disease Causing
seq3,Mutant_Q13E,SQQPYLQLQPFPEPQLPYSQ,0.93,Disease Causing
seq3,Mutant_Q13F,SQQPYLQLQPFPFPQLPYSQ,0.98,Disease Causing
seq3,Mutant_Q13G,SQQPYLQLQPFPGPQLPYSQ,0.92,Disease Causing
seq3,Mutant_Q13H,SQQPYLQLQPFPHPQLPYSQ,0.91,Disease Causing
seq3,Mutant_Q13I,SQQPYLQLQPFPIPQLPYSQ,0.95,Disease Causing
seq3,Mutant_Q13K,SQQPYLQLQPFPKPQLPYSQ,0.9,Disease Causing
seq3,Mutant_Q13L,SQQPYLQLQPFPLPQLPYSQ,0.95,Disease Causing
seq3,Mutant_Q13M,SQQPYLQLQPFPMPQLPYSQ,0.95,Disease Causing
seq3,Mutant_Q13N,SQQPYLQLQPFPNPQLPYSQ,0.93,Disease Causing
seq3,Mutant_Q13P,SQQPYLQLQPFPPPQLPYSQ,0.97,Disease Causing
seq3,Mutant_Q13R,SQQPYLQLQPFPRPQLPYSQ,0.95,Disease Causing
seq3,Mutant_Q13S,SQQPYLQLQPFPSPQLPYSQ,0.96,Disease Causing
seq3,Mutant_Q13T,SQQPYLQLQPFPTPQLPYSQ,0.95,Disease Causing
seq3,Mutant_Q13V,SQQPYLQLQPFPVPQLPYSQ,0.92,Disease Causing
seq3,Mutant_Q13W,SQQPYLQLQPFPWPQLPYSQ,0.95,Disease Causing
seq3,Mutant_Q13Y,SQQPYLQLQPFPYPQLPYSQ,0.96,Disease Causing
seq3,Mutant_P14A,SQQPYLQLQPFPQAQLPYSQ,0.91,Disease Causing
seq3,Mutant_P14C,SQQPYLQLQPFPQCQLPYSQ,0.91,Disease Causing
seq3,Mutant_P14D,SQQPYLQLQPFPQDQLPYSQ,0.73,Disease Causing
seq3,Mutant_P14E,SQQPYLQLQPFPQEQLPYSQ,0.9,Disease Causing
seq3,Mutant_P14F,SQQPYLQLQPFPQFQLPYSQ,0.97,Disease Causing
seq3,Mutant_P14G,SQQPYLQLQPFPQGQLPYSQ,0.91,Disease Causing
seq3,Mutant_P14H,SQQPYLQLQPFPQHQLPYSQ,0.9,Disease Causing
seq3,Mutant_P14I,SQQPYLQLQPFPQIQLPYSQ,0.94,Disease Causing
seq3,Mutant_P14K,SQQPYLQLQPFPQKQLPYSQ,0.89,Disease Causing
seq3,Mutant_P14L,SQQPYLQLQPFPQLQLPYSQ,0.94,Disease Causing
seq3,Mutant_P14M,SQQPYLQLQPFPQMQLPYSQ,0.95,Disease Causing
seq3,Mutant_P14N,SQQPYLQLQPFPQNQLPYSQ,0.94,Disease Causing
seq3,Mutant_P14Q,SQQPYLQLQPFPQQQLPYSQ,0.96,Disease Causing
seq3,Mutant_P14R,SQQPYLQLQPFPQRQLPYSQ,0.94,Disease Causing
seq3,Mutant_P14S,SQQPYLQLQPFPQSQLPYSQ,0.96,Disease Causing
seq3,Mutant_P14T,SQQPYLQLQPFPQTQLPYSQ,0.95,Disease Causing
seq3,Mutant_P14V,SQQPYLQLQPFPQVQLPYSQ,0.89,Disease Causing
seq3,Mutant_P14W,SQQPYLQLQPFPQWQLPYSQ,0.94,Disease Causing
seq3,Mutant_P14Y,SQQPYLQLQPFPQYQLPYSQ,0.96,Disease Causing
seq3,Mutant_Q15A,SQQPYLQLQPFPQPALPYSQ,0.92,Disease Causing
seq3,Mutant_Q15C,SQQPYLQLQPFPQPCLPYSQ,0.89,Disease Causing
seq3,Mutant_Q15D,SQQPYLQLQPFPQPDLPYSQ,0.73,Disease Causing
seq3,Mutant_Q15E,SQQPYLQLQPFPQPELPYSQ,0.93,Disease Causing
seq3,Mutant_Q15F,SQQPYLQLQPFPQPFLPYSQ,0.98,Disease Causing
seq3,Mutant_Q15G,SQQPYLQLQPFPQPGLPYSQ,0.92,Disease Causing
seq3,Mutant_Q15H,SQQPYLQLQPFPQPHLPYSQ,0.91,Disease Causing
seq3,Mutant_Q15I,SQQPYLQLQPFPQPILPYSQ,0.95,Disease Causing
seq3,Mutant_Q15K,SQQPYLQLQPFPQPKLPYSQ,0.9,Disease Causing
seq3,Mutant_Q15L,SQQPYLQLQPFPQPLLPYSQ,0.95,Disease Causing
seq3,Mutant_Q15M,SQQPYLQLQPFPQPMLPYSQ,0.95,Disease Causing
seq3,Mutant_Q15N,SQQPYLQLQPFPQPNLPYSQ,0.93,Disease Causing
seq3,Mutant_Q15P,SQQPYLQLQPFPQPPLPYSQ,0.97,Disease Causing
seq3,Mutant_Q15R,SQQPYLQLQPFPQPRLPYSQ,0.95,Disease Causing
seq3,Mutant_Q15S,SQQPYLQLQPFPQPSLPYSQ,0.96,Disease Causing
seq3,Mutant_Q15T,SQQPYLQLQPFPQPTLPYSQ,0.95,Disease Causing
seq3,Mutant_Q15V,SQQPYLQLQPFPQPVLPYSQ,0.92,Disease Causing
seq3,Mutant_Q15W,SQQPYLQLQPFPQPWLPYSQ,0.95,Disease Causing
seq3,Mutant_Q15Y,SQQPYLQLQPFPQPYLPYSQ,0.96,Disease Causing
seq3,Mutant_L16A,SQQPYLQLQPFPQPQAPYSQ,0.94,Disease Causing
seq3,Mutant_L16C,SQQPYLQLQPFPQPQCPYSQ,0.9,Disease Causing
seq3,Mutant_L16D,SQQPYLQLQPFPQPQDPYSQ,0.78,Disease Causing
seq3,Mutant_L16E,SQQPYLQLQPFPQPQEPYSQ,0.95,Disease Causing
seq3,Mutant_L16F,SQQPYLQLQPFPQPQFPYSQ,0.99,Disease Causing
seq3,Mutant_L16G,SQQPYLQLQPFPQPQGPYSQ,0.95,Disease Causing
seq3,Mutant_L16H,SQQPYLQLQPFPQPQHPYSQ,0.93,Disease Causing
seq3,Mutant_L16I,SQQPYLQLQPFPQPQIPYSQ,0.98,Disease Causing
seq3,Mutant_L16K,SQQPYLQLQPFPQPQKPYSQ,0.93,Disease Causing
seq3,Mutant_L16M,SQQPYLQLQPFPQPQMPYSQ,0.96,Disease Causing
seq3,Mutant_L16N,SQQPYLQLQPFPQPQNPYSQ,0.97,Disease Causing
seq3,Mutant_L16P,SQQPYLQLQPFPQPQPPYSQ,0.99,Disease Causing
seq3,Mutant_L16Q,SQQPYLQLQPFPQPQQPYSQ,0.99,Disease Causing
seq3,Mutant_L16R,SQQPYLQLQPFPQPQRPYSQ,0.96,Disease Causing
seq3,Mutant_L16S,SQQPYLQLQPFPQPQSPYSQ,0.98,Disease Causing
seq3,Mutant_L16T,SQQPYLQLQPFPQPQTPYSQ,0.98,Disease Causing
seq3,Mutant_L16V,SQQPYLQLQPFPQPQVPYSQ,0.97,Disease Causing
seq3,Mutant_L16W,SQQPYLQLQPFPQPQWPYSQ,0.97,Disease Causing
seq3,Mutant_L16Y,SQQPYLQLQPFPQPQYPYSQ,0.98,Disease Causing
seq3,Mutant_P17A,SQQPYLQLQPFPQPQLAYSQ,0.91,Disease Causing
seq3,Mutant_P17C,SQQPYLQLQPFPQPQLCYSQ,0.91,Disease Causing
seq3,Mutant_P17D,SQQPYLQLQPFPQPQLDYSQ,0.73,Disease Causing
seq3,Mutant_P17E,SQQPYLQLQPFPQPQLEYSQ,0.9,Disease Causing
seq3,Mutant_P17F,SQQPYLQLQPFPQPQLFYSQ,0.97,Disease Causing
seq3,Mutant_P17G,SQQPYLQLQPFPQPQLGYSQ,0.91,Disease Causing
seq3,Mutant_P17H,SQQPYLQLQPFPQPQLHYSQ,0.9,Disease Causing
seq3,Mutant_P17I,SQQPYLQLQPFPQPQLIYSQ,0.94,Disease Causing
seq3,Mutant_P17K,SQQPYLQLQPFPQPQLKYSQ,0.89,Disease Causing
seq3,Mutant_P17L,SQQPYLQLQPFPQPQLLYSQ,0.94,Disease Causing
seq3,Mutant_P17M,SQQPYLQLQPFPQPQLMYSQ,0.95,Disease Causing
seq3,Mutant_P17N,SQQPYLQLQPFPQPQLNYSQ,0.94,Disease Causing
seq3,Mutant_P17Q,SQQPYLQLQPFPQPQLQYSQ,0.96,Disease Causing
seq3,Mutant_P17R,SQQPYLQLQPFPQPQLRYSQ,0.94,Disease Causing
seq3,Mutant_P17S,SQQPYLQLQPFPQPQLSYSQ,0.96,Disease Causing
seq3,Mutant_P17T,SQQPYLQLQPFPQPQLTYSQ,0.95,Disease Causing
seq3,Mutant_P17V,SQQPYLQLQPFPQPQLVYSQ,0.89,Disease Causing
seq3,Mutant_P17W,SQQPYLQLQPFPQPQLWYSQ,0.94,Disease Causing
seq3,Mutant_P17Y,SQQPYLQLQPFPQPQLYYSQ,0.96,Disease Causing
seq3,Mutant_Y18A,SQQPYLQLQPFPQPQLPASQ,0.95,Disease Causing
seq3,Mutant_Y18C,SQQPYLQLQPFPQPQLPCSQ,0.91,Disease Causing
seq3,Mutant_Y18D,SQQPYLQLQPFPQPQLPDSQ,0.75,Disease Causing
seq3,Mutant_Y18E,SQQPYLQLQPFPQPQLPESQ,0.95,Disease Causing
seq3,Mutant_Y18F,SQQPYLQLQPFPQPQLPFSQ,0.98,Disease Causing
seq3,Mutant_Y18G,SQQPYLQLQPFPQPQLPGSQ,0.94,Disease Causing
seq3,Mutant_Y18H,SQQPYLQLQPFPQPQLPHSQ,0.92,Disease Causing
seq3,Mutant_Y18I,SQQPYLQLQPFPQPQLPISQ,0.97,Disease Causing
seq3,Mutant_Y18K,SQQPYLQLQPFPQPQLPKSQ,0.92,Disease Causing
seq3,Mutant_Y18L,SQQPYLQLQPFPQPQLPLSQ,0.97,Disease Causing
seq3,Mutant_Y18M,SQQPYLQLQPFPQPQLPMSQ,0.97,Disease Causing
seq3,Mutant_Y18N,SQQPYLQLQPFPQPQLPNSQ,0.95,Disease Causing
seq3,Mutant_Y18P,SQQPYLQLQPFPQPQLPPSQ,0.99,Disease Causing
seq3,Mutant_Y18Q,SQQPYLQLQPFPQPQLPQSQ,0.99,Disease Causing
seq3,Mutant_Y18R,SQQPYLQLQPFPQPQLPRSQ,0.97,Disease Causing
seq3,Mutant_Y18S,SQQPYLQLQPFPQPQLPSSQ,0.98,Disease Causing
seq3,Mutant_Y18T,SQQPYLQLQPFPQPQLPTSQ,0.97,Disease Causing
seq3,Mutant_Y18V,SQQPYLQLQPFPQPQLPVSQ,0.95,Disease Causing
seq3,Mutant_Y18W,SQQPYLQLQPFPQPQLPWSQ,0.97,Disease Causing
seq3,Mutant_S19A,SQQPYLQLQPFPQPQLPYAQ,0.93,Disease Causing
seq3,Mutant_S19C,SQQPYLQLQPFPQPQLPYCQ,0.93,Disease Causing
seq3,Mutant_S19D,SQQPYLQLQPFPQPQLPYDQ,0.78,Disease Causing
seq3,Mutant_S19E,SQQPYLQLQPFPQPQLPYEQ,0.95,Disease Causing
seq3,Mutant_S19F,SQQPYLQLQPFPQPQLPYFQ,0.98,Disease Causing
seq3,Mutant_S19G,SQQPYLQLQPFPQPQLPYGQ,0.94,Disease Causing
seq3,Mutant_S19H,SQQPYLQLQPFPQPQLPYHQ,0.94,Disease Causing
seq3,Mutant_S19I,SQQPYLQLQPFPQPQLPYIQ,0.97,Disease Causing
seq3,Mutant_S19K,SQQPYLQLQPFPQPQLPYKQ,0.93,Disease Causing
seq3,Mutant_S19L,SQQPYLQLQPFPQPQLPYLQ,0.96,Disease Causing
seq3,Mutant_S19M,SQQPYLQLQPFPQPQLPYMQ,0.97,Disease Causing
seq3,Mutant_S19N,SQQPYLQLQPFPQPQLPYNQ,0.95,Disease Causing
seq3,Mutant_S19P,SQQPYLQLQPFPQPQLPYPQ,0.99,Disease Causing
seq3,Mutant_S19Q,SQQPYLQLQPFPQPQLPYQQ,0.98,Disease Causing
seq3,Mutant_S19R,SQQPYLQLQPFPQPQLPYRQ,0.96,Disease Causing
seq3,Mutant_S19T,SQQPYLQLQPFPQPQLPYTQ,0.97,Disease Causing
seq3,Mutant_S19V,SQQPYLQLQPFPQPQLPYVQ,0.95,Disease Causing
seq3,Mutant_S19W,SQQPYLQLQPFPQPQLPYWQ,0.96,Disease Causing
seq3,Mutant_S19Y,SQQPYLQLQPFPQPQLPYYQ,0.98,Disease Causing
seq3,Mutant_Q20A,SQQPYLQLQPFPQPQLPYSA,0.92,Disease Causing
seq3,Mutant_Q20C,SQQPYLQLQPFPQPQLPYSC,0.89,Disease Causing
seq3,Mutant_Q20D,SQQPYLQLQPFPQPQLPYSD,0.73,Disease Causing
seq3,Mutant_Q20E,SQQPYLQLQPFPQPQLPYSE,0.93,Disease Causing
seq3,Mutant_Q20F,SQQPYLQLQPFPQPQLPYSF,0.98,Disease Causing
seq3,Mutant_Q20G,SQQPYLQLQPFPQPQLPYSG,0.92,Disease Causing
seq3,Mutant_Q20H,SQQPYLQLQPFPQPQLPYSH,0.91,Disease Causing
seq3,Mutant_Q20I,SQQPYLQLQPFPQPQLPYSI,0.95,Disease Causing
seq3,Mutant_Q20K,SQQPYLQLQPFPQPQLPYSK,0.9,Disease Causing
seq3,Mutant_Q20L,SQQPYLQLQPFPQPQLPYSL,0.95,Disease Causing
seq3,Mutant_Q20M,SQQPYLQLQPFPQPQLPYSM,0.95,Disease Causing
seq3,Mutant_Q20N,SQQPYLQLQPFPQPQLPYSN,0.93,Disease Causing
seq3,Mutant_Q20P,SQQPYLQLQPFPQPQLPYSP,0.97,Disease Causing
seq3,Mutant_Q20R,SQQPYLQLQPFPQPQLPYSR,0.95,Disease Causing
seq3,Mutant_Q20S,SQQPYLQLQPFPQPQLPYSS,0.96,Disease Causing
seq3,Mutant_Q20T,SQQPYLQLQPFPQPQLPYST,0.95,Disease Causing
seq3,Mutant_Q20V,SQQPYLQLQPFPQPQLPYSV,0.92,Disease Causing
seq3,Mutant_Q20W,SQQPYLQLQPFPQPQLPYSW,0.95,Disease Causing
seq3,Mutant_Q20Y,SQQPYLQLQPFPQPQLPYSY,0.96,Disease Causing
seq4,Original,VEGAGDTDAIAGRVA,0.01,Disease non-causing
seq4,Mutant_V1A,AEGAGDTDAIAGRVA,0.01,Disease non-causing
seq4,Mutant_V1C,CEGAGDTDAIAGRVA,0.02,Disease non-causing
seq4,Mutant_V1D,DEGAGDTDAIAGRVA,0.01,Disease non-causing
seq4,Mutant_V1E,EEGAGDTDAIAGRVA,0.01,Disease non-causing
seq4,Mutant_V1F,FEGAGDTDAIAGRVA,0.01,Disease non-causing
seq4,Mutant_V1G,GEGAGDTDAIAGRVA,0.01,Disease non-causing
seq4,Mutant_V1H,HEGAGDTDAIAGRVA,0.02,Disease non-causing
seq4,Mutant_V1I,IEGAGDTDAIAGRVA,0.02,Disease non-causing
seq4,Mutant_V1K,KEGAGDTDAIAGRVA,0.01,Disease non-causing
seq4,Mutant_V1L,LEGAGDTDAIAGRVA,0.01,Disease non-causing
seq4,Mutant_V1M,MEGAGDTDAIAGRVA,0.02,Disease non-causing
seq4,Mutant_V1N,NEGAGDTDAIAGRVA,0.01,Disease non-causing
seq4,Mutant_V1P,PEGAGDTDAIAGRVA,0.01,Disease non-causing
seq4,Mutant_V1Q,QEGAGDTDAIAGRVA,0.01,Disease non-causing
seq4,Mutant_V1R,REGAGDTDAIAGRVA,0.01,Disease non-causing
seq4,Mutant_V1S,SEGAGDTDAIAGRVA,0.01,Disease non-causing
seq4,Mutant_V1T,TEGAGDTDAIAGRVA,0.01,Disease non-causing
seq4,Mutant_V1W,WEGAGDTDAIAGRVA,0.02,Disease non-causing
seq4,Mutant_V1Y,YEGAGDTDAIAGRVA,0.02,Disease non-causing
seq4,Mutant_E2A,VAGAGDTDAIAGRVA,0.02,Disease non-causing
seq4,Mutant_E2C,VCGAGDTDAIAGRVA,0.03,Disease non-causing
seq4,Mutant_E2D,VDGAGDTDAIAGRVA,0.02,Disease non-causing
seq4,Mutant_E2F,VFGAGDTDAIAGRVA,0.02,Disease non-causing
seq4,Mutant_E2G,VGGAGDTDAIAGRVA,0.02,Disease non-causing
seq4,Mutant_E2H,VHGAGDTDAIAGRVA,0.01,Disease non-causing
seq4,Mutant_E2I,VIGAGDTDAIAGRVA,0.04,Disease non-causing
seq4,Mutant_E2K,VKGAGDTDAIAGRVA,0.01,Disease non-causing
seq4,Mutant_E2L,VLGAGDTDAIAGRVA,0.02,Disease non-causing
seq4,Mutant_E2M,VMGAGDTDAIAGRVA,0.03,Disease non-causing
seq4,Mutant_E2N,VNGAGDTDAIAGRVA,0.01,Disease non-causing
seq4,Mutant_E2P,VPGAGDTDAIAGRVA,0.02,Disease non-causing
seq4,Mutant_E2Q,VQGAGDTDAIAGRVA,0.02,Disease non-causing
seq4,Mutant_E2R,VRGAGDTDAIAGRVA,0.01,Disease non-causing
seq4,Mutant_E2S,VSGAGDTDAIAGRVA,0.02,Disease non-causing
seq4,Mutant_E2T,VTGAGDTDAIAGRVA,0.01,Disease non-causing
seq4,Mutant_E2V,VVGAGDTDAIAGRVA,0.02,Disease non-causing
seq4,Mutant_E2W,VWGAGDTDAIAGRVA,0.03,Disease non-causing
seq4,Mutant_E2Y,VYGAGDTDAIAGRVA,0.02,Disease non-causing
seq4,Mutant_G3A,VEAAGDTDAIAGRVA,0.01,Disease non-causing
seq4,Mutant_G3C,VECAGDTDAIAGRVA,0.02,Disease non-causing
seq4,Mutant_G3D,VEDAGDTDAIAGRVA,0.01,Disease non-causing
seq4,Mutant_G3E,VEEAGDTDAIAGRVA,0.01,Disease non-causing
seq4,Mutant_G3F,VEFAGDTDAIAGRVA,0.01,Disease non-causing
seq4,Mutant_G3H,VEHAGDTDAIAGRVA,0.02,Disease non-causing
seq4,Mutant_G3I,VEIAGDTDAIAGRVA,0.02,Disease non-causing
seq4,Mutant_G3K,VEKAGDTDAIAGRVA,0.01,Disease non-causing
seq4,Mutant_G3L,VELAGDTDAIAGRVA,0.01,Disease non-causing
seq4,Mutant_G3M,VEMAGDTDAIAGRVA,0.02,Disease non-causing
seq4,Mutant_G3N,VENAGDTDAIAGRVA,0.01,Disease non-causing
seq4,Mutant_G3P,VEPAGDTDAIAGRVA,0.01,Disease non-causing
seq4,Mutant_G3Q,VEQAGDTDAIAGRVA,0.01,Disease non-causing
seq4,Mutant_G3R,VERAGDTDAIAGRVA,0.01,Disease non-causing
seq4,Mutant_G3S,VESAGDTDAIAGRVA,0.01,Disease non-causing
seq4,Mutant_G3T,VETAGDTDAIAGRVA,0.01,Disease non-causing
seq4,Mutant_G3V,VEVAGDTDAIAGRVA,0.01,Disease non-causing
seq4,Mutant_G3W,VEWAGDTDAIAGRVA,0.02,Disease non-causing
seq4,Mutant_G3Y,VEYAGDTDAIAGRVA,0.02,Disease non-causing
seq4,Mutant_A4C,VEGCGDTDAIAGRVA,0.02,Disease non-causing
seq4,Mutant_A4D,VEGDGDTDAIAGRVA,0.01,Disease non-causing
seq4,Mutant_A4E,VEGEGDTDAIAGRVA,0.01,Disease non-causing
seq4,Mutant_A4F,VEGFGDTDAIAGRVA,0.02,Disease non-causing
seq4,Mutant_A4G,VEGGGDTDAIAGRVA,0.01,Disease non-causing
seq4,Mutant_A4H,VEGHGDTDAIAGRVA,0.02,Disease non-causing
seq4,Mutant_A4I,VEGIGDTDAIAGRVA,0.02,Disease non-causing
seq4,Mutant_A4K,VEGKGDTDAIAGRVA,0.01,Disease non-causing
seq4,Mutant_A4L,VEGLGDTDAIAGRVA,0.01,Disease non-causing
seq4,Mutant_A4M,VEGMGDTDAIAGRVA,0.02,Disease non-causing
seq4,Mutant_A4N,VEGNGDTDAIAGRVA,0.01,Disease non-causing
seq4,Mutant_A4P,VEGPGDTDAIAGRVA,0.01,Disease non-causing
seq4,Mutant_A4Q,VEGQGDTDAIAGRVA,0.02,Disease non-causing
seq4,Mutant_A4R,VEGRGDTDAIAGRVA,0.01,Disease non-causing
seq4,Mutant_A4S,VEGSGDTDAIAGRVA,0.01,Disease non-causing
seq4,Mutant_A4T,VEGTGDTDAIAGRVA,0.01,Disease non-causing
seq4,Mutant_A4V,VEGVGDTDAIAGRVA,0.01,Disease non-causing
seq4,Mutant_A4W,VEGWGDTDAIAGRVA,0.02,Disease non-causing
seq4,Mutant_A4Y,VEGYGDTDAIAGRVA,0.02,Disease non-causing
seq4,Mutant_G5A,VEGAADTDAIAGRVA,0.01,Disease non-causing
seq4,Mutant_G5C,VEGACDTDAIAGRVA,0.02,Disease non-causing
seq4,Mutant_G5D,VEGADDTDAIAGRVA,0.01,Disease non-causing
seq4,Mutant_G5E,VEGAEDTDAIAGRVA,0.01,Disease non-causing
seq4,Mutant_G5F,VEGAFDTDAIAGRVA,0.01,Disease non-causing
seq4,Mutant_G5H,VEGAHDTDAIAGRVA,0.02,Disease non-causing
seq4,Mutant_G5I,VEGAIDTDAIAGRVA,0.02,Disease non-causing
seq4,Mutant_G5K,VEGAKDTDAIAGRVA,0.01,Disease non-causing
seq4,Mutant_G5L,VEGALDTDAIAGRVA,0.01,Disease non-causing
seq4,Mutant_G5M,VEGAMDTDAIAGRVA,0.02,Disease non-causing
seq4,Mutant_G5N,VEGANDTDAIAGRVA,0.01,Disease non-causing
seq4,Mutant_G5P,VEGAPDTDAIAGRVA,0.01,Disease non-causing
seq4,Mutant_G5Q,VEGAQDTDAIAGRVA,0.01,Disease non-causing
seq4,Mutant_G5R,VEGARDTDAIAGRVA,0.01,Disease non-causing
seq4,Mutant_G5S,VEGASDTDAIAGRVA,0.01,Disease non-causing
seq4,Mutant_G5T,VEGATDTDAIAGRVA,0.01,Disease non-causing
seq4,Mutant_G5V,VEGAVDTDAIAGRVA,0.01,Disease non-causing
seq4,Mutant_G5W,VEGAWDTDAIAGRVA,0.02,Disease non-causing
seq4,Mutant_G5Y,VEGAYDTDAIAGRVA,0.02,Disease non-causing
seq4,Mutant_D6A,VEGAGATDAIAGRVA,0.02,Disease non-causing
seq4,Mutant_D6C,VEGAGCTDAIAGRVA,0.04,Disease non-causing
seq4,Mutant_D6E,VEGAGETDAIAGRVA,0.02,Disease non-causing
seq4,Mutant_D6F,VEGAGFTDAIAGRVA,0.02,Disease non-causing
seq4,Mutant_D6G,VEGAGGTDAIAGRVA,0.02,Disease non-causing
seq4,Mutant_D6H,VEGAGHTDAIAGRVA,0.02,Disease non-causing
seq4,Mutant_D6I,VEGAGITDAIAGRVA,0.02,Disease non-causing
seq4,Mutant_D6K,VEGAGKTDAIAGRVA,0.01,Disease non-causing
seq4,Mutant_D6L,VEGAGLTDAIAGRVA,0.01,Disease non-causing
seq4,Mutant_D6M,VEGAGMTDAIAGRVA,0.03,Disease non-causing
seq4,Mutant_D6N,VEGAGNTDAIAGRVA,0.02,Disease non-causing
seq4,Mutant_D6P,VEGAGPTDAIAGRVA,0.02,Disease non-causing
seq4,Mutant_D6Q,VEGAGQTDAIAGRVA,0.02,Disease non-causing
seq4,Mutant_D6R,VEGAGRTDAIAGRVA,0.01,Disease non-causing
seq4,Mutant_D6S,VEGAGSTDAIAGRVA,0.01,Disease non-causing
seq4,Mutant_D6T,VEGAGTTDAIAGRVA,0.01,Disease non-causing
seq4,Mutant_D6V,VEGAGVTDAIAGRVA,0.01,Disease non-causing
seq4,Mutant_D6W,VEGAGWTDAIAGRVA,0.02,Disease non-causing
seq4,Mutant_D6Y,VEGAGYTDAIAGRVA,0.02,Disease non-causing
seq4,Mutant_T7A,VEGAGDADAIAGRVA,0.02,Disease non-causing
seq4,Mutant_T7C,VEGAGDCDAIAGRVA,0.02,Disease non-causing
seq4,Mutant_T7D,VEGAGDDDAIAGRVA,0.02,Disease non-causing
seq4,Mutant_T7E,VEGAGDEDAIAGRVA,0.02,Disease non-causing
seq4,Mutant_T7F,VEGAGDFDAIAGRVA,0.02,Disease non-causing
seq4,Mutant_T7G,VEGAGDGDAIAGRVA,0.02,Disease non-causing
seq4,Mutant_T7H,VEGAGDHDAIAGRVA,0.02,Disease non-causing
seq4,Mutant_T7I,VEGAGDIDAIAGRVA,0.02,Disease non-causing
seq4,Mutant_T7K,VEGAGDKDAIAGRVA,0.01,Disease non-causing
seq4,Mutant_T7L,VEGAGDLDAIAGRVA,0.02,Disease non-causing
seq4,Mutant_T7M,VEGAGDMDAIAGRVA,0.01,Disease non-causing
seq4,Mutant_T7N,VEGAGDNDAIAGRVA,0.02,Disease non-causing
seq4,Mutant_T7P,VEGAGDPDAIAGRVA,0.02,Disease non-causing
seq4,Mutant_T7Q,VEGAGDQDAIAGRVA,0.04,Disease non-causing
seq4,Mutant_T7R,VEGAGDRDAIAGRVA,0.01,Disease non-causing
seq4,Mutant_T7S,VEGAGDSDAIAGRVA,0.02,Disease non-causing
seq4,Mutant_T7V,VEGAGDVDAIAGRVA,0.02,Disease non-causing
seq4,Mutant_T7W,VEGAGDWDAIAGRVA,0.03,Disease non-causing
seq4,Mutant_T7Y,VEGAGDYDAIAGRVA,0.02,Disease non-causing
seq4,Mutant_D8A,VEGAGDTAAIAGRVA,0.02,Disease non-causing
seq4,Mutant_D8C,VEGAGDTCAIAGRVA,0.04,Disease non-causing
seq4,Mutant_D8E,VEGAGDTEAIAGRVA,0.02,Disease non-causing
seq4,Mutant_D8F,VEGAGDTFAIAGRVA,0.02,Disease non-causing
seq4,Mutant_D8G,VEGAGDTGAIAGRVA,0.02,Disease non-causing
seq4,Mutant_D8H,VEGAGDTHAIAGRVA,0.02,Disease non-causing
seq4,Mutant_D8I,VEGAGDTIAIAGRVA,0.02,Disease non-causing
seq4,Mutant_D8K,VEGAGDTKAIAGRVA,0.01,Disease non-causing
seq4,Mutant_D8L,VEGAGDTLAIAGRVA,0.01,Disease non-causing
seq4,Mutant_D8M,VEGAGDTMAIAGRVA,0.03,Disease non-causing
seq4,Mutant_D8N,VEGAGDTNAIAGRVA,0.02,Disease non-causing
seq4,Mutant_D8P,VEGAGDTPAIAGRVA,0.02,Disease non-causing
seq4,Mutant_D8Q,VEGAGDTQAIAGRVA,0.02,Disease non-causing
seq4,Mutant_D8R,VEGAGDTRAIAGRVA,0.01,Disease non-causing
seq4,Mutant_D8S,VEGAGDTSAIAGRVA,0.01,Disease non-causing
seq4,Mutant_D8T,VEGAGDTTAIAGRVA,0.01,Disease non-causing
seq4,Mutant_D8V,VEGAGDTVAIAGRVA,0.01,Disease non-causing
seq4,Mutant_D8W,VEGAGDTWAIAGRVA,0.02,Disease non-causing
seq4,Mutant_D8Y,VEGAGDTYAIAGRVA,0.02,Disease non-causing
seq4,Mutant_A9C,VEGAGDTDCIAGRVA,0.02,Disease non-causing
seq4,Mutant_A9D,VEGAGDTDDIAGRVA,0.01,Disease non-causing
seq4,Mutant_A9E,VEGAGDTDEIAGRVA,0.01,Disease non-causing
seq4,Mutant_A9F,VEGAGDTDFIAGRVA,0.02,Disease non-causing
seq4,Mutant_A9G,VEGAGDTDGIAGRVA,0.01,Disease non-causing
seq4,Mutant_A9H,VEGAGDTDHIAGRVA,0.02,Disease non-causing
seq4,Mutant_A9I,VEGAGDTDIIAGRVA,0.02,Disease non-causing
seq4,Mutant_A9K,VEGAGDTDKIAGRVA,0.01,Disease non-causing
seq4,Mutant_A9L,VEGAGDTDLIAGRVA,0.01,Disease non-causing
seq4,Mutant_A9M,VEGAGDTDMIAGRVA,0.02,Disease non-causing
seq4,Mutant_A9N,VEGAGDTDNIAGRVA,0.01,Disease non-causing
seq4,Mutant_A9P,VEGAGDTDPIAGRVA,0.01,Disease non-causing
seq4,Mutant_A9Q,VEGAGDTDQIAGRVA,0.02,Disease non-causing
seq4,Mutant_A9R,VEGAGDTDRIAGRVA,0.01,Disease non-causing
seq4,Mutant_A9S,VEGAGDTDSIAGRVA,0.01,Disease non-causing
seq4,Mutant_A9T,VEGAGDTDTIAGRVA,0.01,Disease non-causing
seq4,Mutant_A9V,VEGAGDTDVIAGRVA,0.01,Disease non-causing
seq4,Mutant_A9W,VEGAGDTDWIAGRVA,0.02,Disease non-causing
seq4,Mutant_A9Y,VEGAGDTDYIAGRVA,0.02,Disease non-causing
seq4,Mutant_I10A,VEGAGDTDAAAGRVA,0.01,Disease non-causing
seq4,Mutant_I10C,VEGAGDTDACAGRVA,0.02,Disease non-causing
seq4,Mutant_I10D,VEGAGDTDADAGRVA,0.01,Disease non-causing
seq4,Mutant_I10E,VEGAGDTDAEAGRVA,0.01,Disease non-causing
seq4,Mutant_I10F,VEGAGDTDAFAGRVA,0.01,Disease non-causing
seq4,Mutant_I10G,VEGAGDTDAGAGRVA,0.01,Disease non-causing
seq4,Mutant_I10H,VEGAGDTDAHAGRVA,0.02,Disease non-causing
seq4,Mutant_I10K,VEGAGDTDAKAGRVA,0.01,Disease non-causing
seq4,Mutant_I10L,VEGAGDTDALAGRVA,0.01,Disease non-causing
seq4,Mutant_I10M,VEGAGDTDAMAGRVA,0.01,Disease non-causing
seq4,Mutant_I10N,VEGAGDTDANAGRVA,0.01,Disease non-causing
seq4,Mutant_I10P,VEGAGDTDAPAGRVA,0.01,Disease non-causing
seq4,Mutant_I10Q,VEGAGDTDAQAGRVA,0.01,Disease non-causing
seq4,Mutant_I10R,VEGAGDTDARAGRVA,0.01,Disease non-causing
seq4,Mutant_I10S,VEGAGDTDASAGRVA,0.01,Disease non-causing
seq4,Mutant_I10T,VEGAGDTDATAGRVA,0.01,Disease non-causing
seq4,Mutant_I10V,VEGAGDTDAVAGRVA,0.01,Disease non-causing
seq4,Mutant_I10W,VEGAGDTDAWAGRVA,0.02,Disease non-causing
seq4,Mutant_I10Y,VEGAGDTDAYAGRVA,0.02,Disease non-causing
seq4,Mutant_A11C,VEGAGDTDAICGRVA,0.02,Disease non-causing
seq4,Mutant_A11D,VEGAGDTDAIDGRVA,0.01,Disease non-causing
seq4,Mutant_A11E,VEGAGDTDAIEGRVA,0.01,Disease non-causing
seq4,Mutant_A11F,VEGAGDTDAIFGRVA,0.02,Disease non-causing
seq4,Mutant_A11G,VEGAGDTDAIGGRVA,0.01,Disease non-causing
seq4,Mutant_A11H,VEGAGDTDAIHGRVA,0.02,Disease non-causing
seq4,Mutant_A11I,VEGAGDTDAIIGRVA,0.02,Disease non-causing
seq4,Mutant_A11K,VEGAGDTDAIKGRVA,0.01,Disease non-causing
seq4,Mutant_A11L,VEGAGDTDAILGRVA,0.01,Disease non-causing
seq4,Mutant_A11M,VEGAGDTDAIMGRVA,0.02,Disease non-causing
seq4,Mutant_A11N,VEGAGDTDAINGRVA,0.01,Disease non-causing
seq4,Mutant_A11P,VEGAGDTDAIPGRVA,0.01,Disease non-causing
seq4,Mutant_A11Q,VEGAGDTDAIQGRVA,0.02,Disease non-causing
seq4,Mutant_A11R,VEGAGDTDAIRGRVA,0.01,Disease non-causing
seq4,Mutant_A11S,VEGAGDTDAISGRVA,0.01,Disease non-causing
seq4,Mutant_A11T,VEGAGDTDAITGRVA,0.01,Disease non-causing
seq4,Mutant_A11V,VEGAGDTDAIVGRVA,0.01,Disease non-causing
seq4,Mutant_A11W,VEGAGDTDAIWGRVA,0.02,Disease non-causing
seq4,Mutant_A11Y,VEGAGDTDAIYGRVA,0.02,Disease non-causing
seq4,Mutant_G12A,VEGAGDTDAIAARVA,0.01,Disease non-causing
seq4,Mutant_G12C,VEGAGDTDAIACRVA,0.02,Disease non-causing
seq4,Mutant_G12D,VEGAGDTDAIADRVA,0.01,Disease non-causing
seq4,Mutant_G12E,VEGAGDTDAIAERVA,0.01,Disease non-causing
seq4,Mutant_G12F,VEGAGDTDAIAFRVA,0.01,Disease non-causing
seq4,Mutant_G12H,VEGAGDTDAIAHRVA,0.02,Disease non-causing
seq4,Mutant_G12I,VEGAGDTDAIAIRVA,0.02,Disease non-causing
seq4,Mutant_G12K,VEGAGDTDAIAKRVA,0.01,Disease non-causing
seq4,Mutant_G12L,VEGAGDTDAIALRVA,0.01,Disease non-causing
seq4,Mutant_G12M,VEGAGDTDAIAMRVA,0.02,Disease non-causing
seq4,Mutant_G12N,VEGAGDTDAIANRVA,0.01,Disease non-causing
seq4,Mutant_G12P,VEGAGDTDAIAPRVA,0.01,Disease non-causing
seq4,Mutant_G12Q,VEGAGDTDAIAQRVA,0.01,Disease non-causing
seq4,Mutant_G12R,VEGAGDTDAIARRVA,0.01,Disease non-causing
seq4,Mutant_G12S,VEGAGDTDAIASRVA,0.01,Disease non-causing
seq4,Mutant_G12T,VEGAGDTDAIATRVA,0.01,Disease non-causing
seq4,Mutant_G12V,VEGAGDTDAIAVRVA,0.01,Disease non-causing
seq4,Mutant_G12W,VEGAGDTDAIAWRVA,0.02,Disease non-causing
seq4,Mutant_G12Y,VEGAGDTDAIAYRVA,0.02,Disease non-causing
seq4,Mutant_R13A,VEGAGDTDAIAGAVA,0.04,Disease non-causing
seq4,Mutant_R13C,VEGAGDTDAIAGCVA,0.04,Disease non-causing
seq4,Mutant_R13D,VEGAGDTDAIAGDVA,0.04,Disease non-causing
seq4,Mutant_R13E,VEGAGDTDAIAGEVA,0.04,Disease non-causing
seq4,Mutant_R13F,VEGAGDTDAIAGFVA,0.04,Disease non-causing
seq4,Mutant_R13G,VEGAGDTDAIAGGVA,0.04,Disease non-causing
seq4,Mutant_R13H,VEGAGDTDAIAGHVA,0.04,Disease non-causing
seq4,Mutant_R13I,VEGAGDTDAIAGIVA,0.04,Disease non-causing
seq4,Mutant_R13K,VEGAGDTDAIAGKVA,0.03,Disease non-causing
seq4,Mutant_R13L,VEGAGDTDAIAGLVA,0.03,Disease non-causing
seq4,Mutant_R13M,VEGAGDTDAIAGMVA,0.05,Disease non-causing
seq4,Mutant_R13N,VEGAGDTDAIAGNVA,0.02,Disease non-causing
seq4,Mutant_R13P,VEGAGDTDAIAGPVA,0.06,Disease non-causing
seq4,Mutant_R13Q,VEGAGDTDAIAGQVA,0.04,Disease non-causing
seq4,Mutant_R13S,VEGAGDTDAIAGSVA,0.04,Disease non-causing
seq4,Mutant_R13T,VEGAGDTDAIAGTVA,0.03,Disease non-causing
seq4,Mutant_R13V,VEGAGDTDAIAGVVA,0.03,Disease non-causing
seq4,Mutant_R13W,VEGAGDTDAIAGWVA,0.04,Disease non-causing
seq4,Mutant_R13Y,VEGAGDTDAIAGYVA,0.04,Disease non-causing
seq4,Mutant_V14A,VEGAGDTDAIAGRAA,0.01,Disease non-causing
seq4,Mutant_V14C,VEGAGDTDAIAGRCA,0.02,Disease non-causing
seq4,Mutant_V14D,VEGAGDTDAIAGRDA,0.01,Disease non-causing
seq4,Mutant_V14E,VEGAGDTDAIAGREA,0.01,Disease non-causing
seq4,Mutant_V14F,VEGAGDTDAIAGRFA,0.01,Disease non-causing
seq4,Mutant_V14G,VEGAGDTDAIAGRGA,0.01,Disease non-causing
seq4,Mutant_V14H,VEGAGDTDAIAGRHA,0.02,Disease non-causing
seq4,Mutant_V14I,VEGAGDTDAIAGRIA,0.02,Disease non-causing
seq4,Mutant_V14K,VEGAGDTDAIAGRKA,0.01,Disease non-causing
seq4,Mutant_V14L,VEGAGDTDAIAGRLA,0.01,Disease non-causing
seq4,Mutant_V14M,VEGAGDTDAIAGRMA,0.02,Disease non-causing
seq4,Mutant_V14N,VEGAGDTDAIAGRNA,0.01,Disease non-causing
seq4,Mutant_V14P,VEGAGDTDAIAGRPA,0.01,Disease non-causing
seq4,Mutant_V14Q,VEGAGDTDAIAGRQA,0.01,Disease non-causing
seq4,Mutant_V14R,VEGAGDTDAIAGRRA,0.01,Disease non-causing
seq4,Mutant_V14S,VEGAGDTDAIAGRSA,0.01,Disease non-causing
seq4,Mutant_V14T,VEGAGDTDAIAGRTA,0.01,Disease non-causing
seq4,Mutant_V14W,VEGAGDTDAIAGRWA,0.02,Disease non-causing
seq4,Mutant_V14Y,VEGAGDTDAIAGRYA,0.02,Disease non-causing
seq4,Mutant_A15C,VEGAGDTDAIAGRVC,0.02,Disease non-causing
seq4,Mutant_A15D,VEGAGDTDAIAGRVD,0.01,Disease non-causing
seq4,Mutant_A15E,VEGAGDTDAIAGRVE,0.01,Disease non-causing
seq4,Mutant_A15F,VEGAGDTDAIAGRVF,0.02,Disease non-causing
seq4,Mutant_A15G,VEGAGDTDAIAGRVG,0.01,Disease non-causing
seq4,Mutant_A15H,VEGAGDTDAIAGRVH,0.02,Disease non-causing
seq4,Mutant_A15I,VEGAGDTDAIAGRVI,0.02,Disease non-causing
seq4,Mutant_A15K,VEGAGDTDAIAGRVK,0.01,Disease non-causing
seq4,Mutant_A15L,VEGAGDTDAIAGRVL,0.01,Disease non-causing
seq4,Mutant_A15M,VEGAGDTDAIAGRVM,0.02,Disease non-causing
seq4,Mutant_A15N,VEGAGDTDAIAGRVN,0.01,Disease non-causing
seq4,Mutant_A15P,VEGAGDTDAIAGRVP,0.01,Disease non-causing
seq4,Mutant_A15Q,VEGAGDTDAIAGRVQ,0.02,Disease non-causing
seq4,Mutant_A15R,VEGAGDTDAIAGRVR,0.01,Disease non-causing
seq4,Mutant_A15S,VEGAGDTDAIAGRVS,0.01,Disease non-causing
seq4,Mutant_A15T,VEGAGDTDAIAGRVT,0.01,Disease non-causing
seq4,Mutant_A15V,VEGAGDTDAIAGRVV,0.01,Disease non-causing
seq4,Mutant_A15W,VEGAGDTDAIAGRVW,0.02,Disease non-causing
seq4,Mutant_A15Y,VEGAGDTDAIAGRVY,0.02,Disease non-causing
seq5,Original,DPYYDPTSSPSEIGP,0.37,Disease Causing
seq5,Mutant_D1A,APYYDPTSSPSEIGP,0.39,Disease Causing
seq5,Mutant_D1C,CPYYDPTSSPSEIGP,0.31,Disease non-causing
seq5,Mutant_D1E,EPYYDPTSSPSEIGP,0.36,Disease Causing
seq5,Mutant_D1F,FPYYDPTSSPSEIGP,0.38,Disease Causing
seq5,Mutant_D1G,GPYYDPTSSPSEIGP,0.4,Disease Causing
seq5,Mutant_D1H,HPYYDPTSSPSEIGP,0.33,Disease Causing
seq5,Mutant_D1I,IPYYDPTSSPSEIGP,0.4,Disease Causing
seq5,Mutant_D1K,KPYYDPTSSPSEIGP,0.32,Disease Causing
seq5,Mutant_D1L,LPYYDPTSSPSEIGP,0.42,Disease Causing
seq5,Mutant_D1M,MPYYDPTSSPSEIGP,0.42,Disease Causing
seq5,Mutant_D1N,NPYYDPTSSPSEIGP,0.39,Disease Causing
seq5,Mutant_D1P,PPYYDPTSSPSEIGP,0.54,Disease Causing
seq5,Mutant_D1Q,QPYYDPTSSPSEIGP,0.41,Disease Causing
seq5,Mutant_D1R,RPYYDPTSSPSEIGP,0.39,Disease Causing
seq5,Mutant_D1S,SPYYDPTSSPSEIGP,0.37,Disease Causing
seq5,Mutant_D1T,TPYYDPTSSPSEIGP,0.34,Disease Causing
seq5,Mutant_D1V,VPYYDPTSSPSEIGP,0.36,Disease Causing
seq5,Mutant_D1W,WPYYDPTSSPSEIGP,0.41,Disease Causing
seq5,Mutant_D1Y,YPYYDPTSSPSEIGP,0.41,Disease Causing
seq5,Mutant_P2A,DAYYDPTSSPSEIGP,0.24,Disease non-causing
seq5,Mutant_P2C,DCYYDPTSSPSEIGP,0.24,Disease non-causing
seq5,Mutant_P2D,DDYYDPTSSPSEIGP,0.25,Disease non-causing
seq5,Mutant_P2E,DEYYDPTSSPSEIGP,0.26,Disease non-causing
seq5,Mutant_P2F,DFYYDPTSSPSEIGP,0.22,Disease non-causing
seq5,Mutant_P2G,DGYYDPTSSPSEIGP,0.27,Disease non-causing
seq5,Mutant_P2H,DHYYDPTSSPSEIGP,0.15,Disease non-causing
seq5,Mutant_P2I,DIYYDPTSSPSEIGP,0.26,Disease non-causing
seq5,Mutant_P2K,DKYYDPTSSPSEIGP,0.17,Disease non-causing
seq5,Mutant_P2L,DLYYDPTSSPSEIGP,0.23,Disease non-causing
seq5,Mutant_P2M,DMYYDPTSSPSEIGP,0.25,Disease non-causing
seq5,Mutant_P2N,DNYYDPTSSPSEIGP,0.25,Disease non-causing
seq5,Mutant_P2Q,DQYYDPTSSPSEIGP,0.26,Disease non-causing
seq5,Mutant_P2R,DRYYDPTSSPSEIGP,0.22,Disease non-causing
seq5,Mutant_P2S,DSYYDPTSSPSEIGP,0.24,Disease non-causing
seq5,Mutant_P2T,DTYYDPTSSPSEIGP,0.23,Disease non-causing
seq5,Mutant_P2V,DVYYDPTSSPSEIGP,0.22,Disease non-causing
seq5,Mutant_P2W,DWYYDPTSSPSEIGP,0.26,Disease non-causing
seq5,Mutant_P2Y,DYYYDPTSSPSEIGP,0.27,Disease non-causing
seq5,Mutant_Y3A,DPAYDPTSSPSEIGP,0.33,Disease Causing
seq5,Mutant_Y3C,DPCYDPTSSPSEIGP,0.26,Disease non-causing
seq5,Mutant_Y3D,DPDYDPTSSPSEIGP,0.31,Disease non-causing
seq5,Mutant_Y3E,DPEYDPTSSPSEIGP,0.31,Disease non-causing
seq5,Mutant_Y3F,DPFYDPTSSPSEIGP,0.29,Disease non-causing
seq5,Mutant_Y3G,DPGYDPTSSPSEIGP,0.32,Disease Causing
seq5,Mutant_Y3H,DPHYDPTSSPSEIGP,0.28,Disease non-causing
seq5,Mutant_Y3I,DPIYDPTSSPSEIGP,0.34,Disease Causing
seq5,Mutant_Y3K,DPKYDPTSSPSEIGP,0.28,Disease non-causing
seq5,Mutant_Y3L,DPLYDPTSSPSEIGP,0.36,Disease Causing
seq5,Mutant_Y3M,DPMYDPTSSPSEIGP,0.36,Disease Causing
seq5,Mutant_Y3N,DPNYDPTSSPSEIGP,0.33,Disease Causing
seq5,Mutant_Y3P,DPPYDPTSSPSEIGP,0.51,Disease Causing
seq5,Mutant_Y3Q,DPQYDPTSSPSEIGP,0.33,Disease Causing
seq5,Mutant_Y3R,DPRYDPTSSPSEIGP,0.31,Disease non-causing
seq5,Mutant_Y3S,DPSYDPTSSPSEIGP,0.31,Disease non-causing
seq5,Mutant_Y3T,DPTYDPTSSPSEIGP,0.26,Disease non-causing
seq5,Mutant_Y3V,DPVYDPTSSPSEIGP,0.27,Disease non-causing
seq5,Mutant_Y3W,DPWYDPTSSPSEIGP,0.34,Disease Causing
seq5,Mutant_Y4A,DPYADPTSSPSEIGP,0.33,Disease Causing
seq5,Mutant_Y4C,DPYCDPTSSPSEIGP,0.26,Disease non-causing
seq5,Mutant_Y4D,DPYDDPTSSPSEIGP,0.31,Disease non-causing
seq5,Mutant_Y4E,DPYEDPTSSPSEIGP,0.31,Disease non-causing
seq5,Mutant_Y4F,DPYFDPTSSPSEIGP,0.29,Disease non-causing
seq5,Mutant_Y4G,DPYGDPTSSPSEIGP,0.32,Disease Causing
seq5,Mutant_Y4H,DPYHDPTSSPSEIGP,0.28,Disease non-causing
seq5,Mutant_Y4I,DPYIDPTSSPSEIGP,0.34,Disease Causing
seq5,Mutant_Y4K,DPYKDPTSSPSEIGP,0.28,Disease non-causing
seq5,Mutant_Y4L,DPYLDPTSSPSEIGP,0.36,Disease Causing
seq5,Mutant_Y4M,DPYMDPTSSPSEIGP,0.36,Disease Causing
seq5,Mutant_Y4N,DPYNDPTSSPSEIGP,0.33,Disease Causing
seq5,Mutant_Y4P,DPYPDPTSSPSEIGP,0.51,Disease Causing
seq5,Mutant_Y4Q,DPYQDPTSSPSEIGP,0.33,Disease Causing
seq5,Mutant_Y4R,DPYRDPTSSPSEIGP,0.31,Disease non-causing
seq5,Mutant_Y4S,DPYSDPTSSPSEIGP,0.31,Disease non-causing
seq5,Mutant_Y4T,DPYTDPTSSPSEIGP,0.26,Disease non-causing
seq5,Mutant_Y4V,DPYVDPTSSPSEIGP,0.27,Disease non-causing
seq5,Mutant_Y4W,DPYWDPTSSPSEIGP,0.34,Disease Causing
seq5,Mutant_D5A,DPYYAPTSSPSEIGP,0.39,Disease Causing
seq5,Mutant_D5C,DPYYCPTSSPSEIGP,0.31,Disease non-causing
seq5,Mutant_D5E,DPYYEPTSSPSEIGP,0.36,Disease Causing
seq5,Mutant_D5F,DPYYFPTSSPSEIGP,0.38,Disease Causing
seq5,Mutant_D5G,DPYYGPTSSPSEIGP,0.4,Disease Causing
seq5,Mutant_D5H,DPYYHPTSSPSEIGP,0.33,Disease Causing
seq5,Mutant_D5I,DPYYIPTSSPSEIGP,0.4,Disease Causing
seq5,Mutant_D5K,DPYYKPTSSPSEIGP,0.32,Disease Causing
seq5,Mutant_D5L,DPYYLPTSSPSEIGP,0.42,Disease Causing
seq5,Mutant_D5M,DPYYMPTSSPSEIGP,0.42,Disease Causing
seq5,Mutant_D5N,DPYYNPTSSPSEIGP,0.39,Disease Causing
seq5,Mutant_D5P,DPYYPPTSSPSEIGP,0.54,Disease Causing
seq5,Mutant_D5Q,DPYYQPTSSPSEIGP,0.41,Disease Causing
seq5,Mutant_D5R,DPYYRPTSSPSEIGP,0.39,Disease Causing
seq5,Mutant_D5S,DPYYSPTSSPSEIGP,0.37,Disease Causing
seq5,Mutant_D5T,DPYYTPTSSPSEIGP,0.34,Disease Causing
seq5,Mutant_D5V,DPYYVPTSSPSEIGP,0.36,Disease Causing
seq5,Mutant_D5W,DPYYWPTSSPSEIGP,0.41,Disease Causing
seq5,Mutant_D5Y,DPYYYPTSSPSEIGP,0.41,Disease Causing
seq5,Mutant_P6A,DPYYDATSSPSEIGP,0.24,Disease non-causing
seq5,Mutant_P6C,DPYYDCTSSPSEIGP,0.24,Disease non-causing
seq5,Mutant_P6D,DPYYDDTSSPSEIGP,0.25,Disease non-causing
seq5,Mutant_P6E,DPYYDETSSPSEIGP,0.26,Disease non-causing
seq5,Mutant_P6F,DPYYDFTSSPSEIGP,0.22,Disease non-causing
seq5,Mutant_P6G,DPYYDGTSSPSEIGP,0.27,Disease non-causing
seq5,Mutant_P6H,DPYYDHTSSPSEIGP,0.15,Disease non-causing
seq5,Mutant_P6I,DPYYDITSSPSEIGP,0.26,Disease non-causing
seq5,Mutant_P6K,DPYYDKTSSPSEIGP,0.17,Disease non-causing
seq5,Mutant_P6L,DPYYDLTSSPSEIGP,0.23,Disease non-causing
seq5,Mutant_P6M,DPYYDMTSSPSEIGP,0.25,Disease non-causing
seq5,Mutant_P6N,DPYYDNTSSPSEIGP,0.25,Disease non-causing
seq5,Mutant_P6Q,DPYYDQTSSPSEIGP,0.26,Disease non-causing
seq5,Mutant_P6R,DPYYDRTSSPSEIGP,0.22,Disease non-causing
seq5,Mutant_P6S,DPYYDSTSSPSEIGP,0.24,Disease non-causing
seq5,Mutant_P6T,DPYYDTTSSPSEIGP,0.23,Disease non-causing
seq5,Mutant_P6V,DPYYDVTSSPSEIGP,0.22,Disease non-causing
seq5,Mutant_P6W,DPYYDWTSSPSEIGP,0.26,Disease non-causing
seq5,Mutant_P6Y,DPYYDYTSSPSEIGP,0.27,Disease non-causing
seq5,Mutant_T7A,DPYYDPASSPSEIGP,0.38,Disease Causing
seq5,Mutant_T7C,DPYYDPCSSPSEIGP,0.28,Disease non-causing
seq5,Mutant_T7D,DPYYDPDSSPSEIGP,0.35,Disease Causing
seq5,Mutant_T7E,DPYYDPESSPSEIGP,0.34,Disease Causing
seq5,Mutant_T7F,DPYYDPFSSPSEIGP,0.34,Disease Causing
seq5,Mutant_T7G,DPYYDPGSSPSEIGP,0.37,Disease Causing
seq5,Mutant_T7H,DPYYDPHSSPSEIGP,0.3,Disease non-causing
seq5,Mutant_T7I,DPYYDPISSPSEIGP,0.37,Disease Causing
seq5,Mutant_T7K,DPYYDPKSSPSEIGP,0.29,Disease non-causing
seq5,Mutant_T7L,DPYYDPLSSPSEIGP,0.38,Disease Causing
seq5,Mutant_T7M,DPYYDPMSSPSEIGP,0.4,Disease Causing
seq5,Mutant_T7N,DPYYDPNSSPSEIGP,0.37,Disease Causing
seq5,Mutant_T7P,DPYYDPPSSPSEIGP,0.53,Disease Causing
seq5,Mutant_T7Q,DPYYDPQSSPSEIGP,0.38,Disease Causing
seq5,Mutant_T7R,DPYYDPRSSPSEIGP,0.34,Disease Causing
seq5,Mutant_T7S,DPYYDPSSSPSEIGP,0.34,Disease Causing
seq5,Mutant_T7V,DPYYDPVSSPSEIGP,0.32,Disease Causing
seq5,Mutant_T7W,DPYYDPWSSPSEIGP,0.38,Disease Causing
seq5,Mutant_T7Y,DPYYDPYSSPSEIGP,0.38,Disease Causing
seq5,Mutant_S8A,DPYYDPTASPSEIGP,0.36,Disease Causing
seq5,Mutant_S8C,DPYYDPTCSPSEIGP,0.3,Disease non-causing
seq5,Mutant_S8D,DPYYDPTDSPSEIGP,0.35,Disease Causing
seq5,Mutant_S8E,DPYYDPTESPSEIGP,0.34,Disease Causing
seq5,Mutant_S8F,DPYYDPTFSPSEIGP,0.32,Disease Causing
seq5,Mutant_S8G,DPYYDPTGSPSEIGP,0.37,Disease Causing
seq5,Mutant_S8H,DPYYDPTHSPSEIGP,0.3,Disease non-causing
seq5,Mutant_S8I,DPYYDPTISPSEIGP,0.37,Disease Causing
seq5,Mutant_S8K,DPYYDPTKSPSEIGP,0.3,Disease non-causing
seq5,Mutant_S8L,DPYYDPTLSPSEIGP,0.37,Disease Causing
seq5,Mutant_S8M,DPYYDPTMSPSEIGP,0.39,Disease Causing
seq5,Mutant_S8N,DPYYDPTNSPSEIGP,0.36,Disease Causing
seq5,Mutant_S8P,DPYYDPTPSPSEIGP,0.52,Disease Causing
seq5,Mutant_S8Q,DPYYDPTQSPSEIGP,0.34,Disease Causing
seq5,Mutant_S8R,DPYYDPTRSPSEIGP,0.36,Disease Causing
seq5,Mutant_S8T,DPYYDPTTSPSEIGP,0.29,Disease non-causing
seq5,Mutant_S8V,DPYYDPTVSPSEIGP,0.31,Disease non-causing
seq5,Mutant_S8W,DPYYDPTWSPSEIGP,0.37,Disease Causing
seq5,Mutant_S8Y,DPYYDPTYSPSEIGP,0.38,Disease Causing
seq5,Mutant_S9A,DPYYDPTSAPSEIGP,0.36,Disease Causing
seq5,Mutant_S9C,DPYYDPTSCPSEIGP,0.3,Disease non-causing
seq5,Mutant_S9D,DPYYDPTSDPSEIGP,0.35,Disease Causing
seq5,Mutant_S9E,DPYYDPTSEPSEIGP,0.34,Disease Causing
seq5,Mutant_S9F,DPYYDPTSFPSEIGP,0.32,Disease Causing
seq5,Mutant_S9G,DPYYDPTSGPSEIGP,0.37,Disease Causing
seq5,Mutant_S9H,DPYYDPTSHPSEIGP,0.3,Disease non-causing
seq5,Mutant_S9I,DPYYDPTSIPSEIGP,0.37,Disease Causing
seq5,Mutant_S9K,DPYYDPTSKPSEIGP,0.3,Disease non-causing
seq5,Mutant_S9L,DPYYDPTSLPSEIGP,0.37,Disease Causing
seq5,Mutant_S9M,DPYYDPTSMPSEIGP,0.39,Disease Causing
seq5,Mutant_S9N,DPYYDPTSNPSEIGP,0.36,Disease Causing
seq5,Mutant_S9P,DPYYDPTSPPSEIGP,0.52,Disease Causing
seq5,Mutant_S9Q,DPYYDPTSQPSEIGP,0.34,Disease Causing
seq5,Mutant_S9R,DPYYDPTSRPSEIGP,0.36,Disease Causing
seq5,Mutant_S9T,DPYYDPTSTPSEIGP,0.29,Disease non-causing
seq5,Mutant_S9V,DPYYDPTSVPSEIGP,0.31,Disease non-causing
seq5,Mutant_S9W,DPYYDPTSWPSEIGP,0.37,Disease Causing
seq5,Mutant_S9Y,DPYYDPTSYPSEIGP,0.38,Disease Causing
seq5,Mutant_P10A,DPYYDPTSSASEIGP,0.24,Disease non-causing
seq5,Mutant_P10C,DPYYDPTSSCSEIGP,0.24,Disease non-causing
seq5,Mutant_P10D,DPYYDPTSSDSEIGP,0.25,Disease non-causing
seq5,Mutant_P10E,DPYYDPTSSESEIGP,0.26,Disease non-causing
seq5,Mutant_P10F,DPYYDPTSSFSEIGP,0.22,Disease non-causing
seq5,Mutant_P10G,DPYYDPTSSGSEIGP,0.27,Disease non-causing
seq5,Mutant_P10H,DPYYDPTSSHSEIGP,0.15,Disease non-causing
seq5,Mutant_P10I,DPYYDPTSSISEIGP,0.26,Disease non-causing
seq5,Mutant_P10K,DPYYDPTSSKSEIGP,0.17,Disease non-causing
seq5,Mutant_P10L,DPYYDPTSSLSEIGP,0.23,Disease non-causing
seq5,Mutant_P10M,DPYYDPTSSMSEIGP,0.25,Disease non-causing
seq5,Mutant_P10N,DPYYDPTSSNSEIGP,0.25,Disease non-causing
seq5,Mutant_P10Q,DPYYDPTSSQSEIGP,0.26,Disease non-causing
seq5,Mutant_P10R,DPYYDPTSSRSEIGP,0.22,Disease non-causing
seq5,Mutant_P10S,DPYYDPTSSSSEIGP,0.24,Disease non-causing
seq5,Mutant_P10T,DPYYDPTSSTSEIGP,0.23,Disease non-causing
seq5,Mutant_P10V,DPYYDPTSSVSEIGP,0.22,Disease non-causing
seq5,Mutant_P10W,DPYYDPTSSWSEIGP,0.26,Disease non-causing
seq5,Mutant_P10Y,DPYYDPTSSYSEIGP,0.27,Disease non-causing
seq5,Mutant_S11A,DPYYDPTSSPAEIGP,0.36,Disease Causing
seq5,Mutant_S11C,DPYYDPTSSPCEIGP,0.3,Disease non-causing
seq5,Mutant_S11D,DPYYDPTSSPDEIGP,0.35,Disease Causing
seq5,Mutant_S11E,DPYYDPTSSPEEIGP,0.34,Disease Causing
seq5,Mutant_S11F,DPYYDPTSSPFEIGP,0.32,Disease Causing
seq5,Mutant_S11G,DPYYDPTSSPGEIGP,0.37,Disease Causing
seq5,Mutant_S11H,DPYYDPTSSPHEIGP,0.3,Disease non-causing
seq5,Mutant_S11I,DPYYDPTSSPIEIGP,0.37,Disease Causing
seq5,Mutant_S11K,DPYYDPTSSPKEIGP,0.3,Disease non-causing
seq5,Mutant_S11L,DPYYDPTSSPLEIGP,0.37,Disease Causing
seq5,Mutant_S11M,DPYYDPTSSPMEIGP,0.39,Disease Causing
seq5,Mutant_S11N,DPYYDPTSSPNEIGP,0.36,Disease Causing
seq5,Mutant_S11P,DPYYDPTSSPPEIGP,0.52,Disease Causing
seq5,Mutant_S11Q,DPYYDPTSSPQEIGP,0.34,Disease Causing
seq5,Mutant_S11R,DPYYDPTSSPREIGP,0.36,Disease Causing
seq5,Mutant_S11T,DPYYDPTSSPTEIGP,0.29,Disease non-causing
seq5,Mutant_S11V,DPYYDPTSSPVEIGP,0.31,Disease non-causing
seq5,Mutant_S11W,DPYYDPTSSPWEIGP,0.37,Disease Causing
seq5,Mutant_S11Y,DPYYDPTSSPYEIGP,0.38,Disease Causing
seq5,Mutant_E12A,DPYYDPTSSPSAIGP,0.37,Disease Causing
seq5,Mutant_E12C,DPYYDPTSSPSCIGP,0.32,Disease Causing
seq5,Mutant_E12D,DPYYDPTSSPSDIGP,0.36,Disease Causing
seq5,Mutant_E12F,DPYYDPTSSPSFIGP,0.33,Disease Causing
seq5,Mutant_E12G,DPYYDPTSSPSGIGP,0.38,Disease Causing
seq5,Mutant_E12H,DPYYDPTSSPSHIGP,0.32,Disease Causing
seq5,Mutant_E12I,DPYYDPTSSPSIIGP,0.39,Disease Causing
seq5,Mutant_E12K,DPYYDPTSSPSKIGP,0.3,Disease non-causing
seq5,Mutant_E12L,DPYYDPTSSPSLIGP,0.37,Disease Causing
seq5,Mutant_E12M,DPYYDPTSSPSMIGP,0.42,Disease Causing
seq5,Mutant_E12N,DPYYDPTSSPSNIGP,0.37,Disease Causing
seq5,Mutant_E12P,DPYYDPTSSPSPIGP,0.55,Disease Causing
seq5,Mutant_E12Q,DPYYDPTSSPSQIGP,0.37,Disease Causing
seq5,Mutant_E12R,DPYYDPTSSPSRIGP,0.37,Disease Causing
seq5,Mutant_E12S,DPYYDPTSSPSSIGP,0.35,Disease Causing
seq5,Mutant_E12T,DPYYDPTSSPSTIGP,0.29,Disease non-causing
seq5,Mutant_E12V,DPYYDPTSSPSVIGP,0.38,Disease Causing
seq5,Mutant_E12W,DPYYDPTSSPSWIGP,0.39,Disease Causing
seq5,Mutant_E12Y,DPYYDPTSSPSYIGP,0.39,Disease Causing
seq5,Mutant_I13A,DPYYDPTSSPSEAGP,0.35,Disease Causing
seq5,Mutant_I13C,DPYYDPTSSPSECGP,0.3,Disease non-causing
seq5,Mutant_I13D,DPYYDPTSSPSEDGP,0.36,Disease Causing
seq5,Mutant_I13E,DPYYDPTSSPSEEGP,0.36,Disease Causing
seq5,Mutant_I13F,DPYYDPTSSPSEFGP,0.31,Disease non-causing
seq5,Mutant_I13G,DPYYDPTSSPSEGGP,0.38,Disease Causing
seq5,Mutant_I13H,DPYYDPTSSPSEHGP,0.31,Disease non-causing
seq5,Mutant_I13K,DPYYDPTSSPSEKGP,0.32,Disease Causing
seq5,Mutant_I13L,DPYYDPTSSPSELGP,0.39,Disease Causing
seq5,Mutant_I13M,DPYYDPTSSPSEMGP,0.41,Disease Causing
seq5,Mutant_I13N,DPYYDPTSSPSENGP,0.37,Disease Causing
seq5,Mutant_I13P,DPYYDPTSSPSEPGP,0.5,Disease Causing
seq5,Mutant_I13Q,DPYYDPTSSPSEQGP,0.35,Disease Causing
seq5,Mutant_I13R,DPYYDPTSSPSERGP,0.36,Disease Causing
seq5,Mutant_I13S,DPYYDPTSSPSESGP,0.35,Disease Causing
seq5,Mutant_I13T,DPYYDPTSSPSETGP,0.28,Disease non-causing
seq5,Mutant_I13V,DPYYDPTSSPSEVGP,0.33,Disease Causing
seq5,Mutant_I13W,DPYYDPTSSPSEWGP,0.4,Disease Causing
seq5,Mutant_I13Y,DPYYDPTSSPSEYGP,0.39,Disease Causing
seq5,Mutant_G14A,DPYYDPTSSPSEIAP,0.37,Disease Causing
seq5,Mutant_G14C,DPYYDPTSSPSEICP,0.32,Disease Causing
seq5,Mutant_G14D,DPYYDPTSSPSEIDP,0.36,Disease Causing
seq5,Mutant_G14E,DPYYDPTSSPSEIEP,0.38,Disease Causing
seq5,Mutant_G14F,DPYYDPTSSPSEIFP,0.35,Disease Causing
seq5,Mutant_G14H,DPYYDPTSSPSEIHP,0.34,Disease Causing
seq5,Mutant_G14I,DPYYDPTSSPSEIIP,0.4,Disease Causing
seq5,Mutant_G14K,DPYYDPTSSPSEIKP,0.33,Disease Causing
seq5,Mutant_G14L,DPYYDPTSSPSEILP,0.41,Disease Causing
seq5,Mutant_G14M,DPYYDPTSSPSEIMP,0.41,Disease Causing
seq5,Mutant_G14N,DPYYDPTSSPSEINP,0.37,Disease Causing
seq5,Mutant_G14P,DPYYDPTSSPSEIPP,0.55,Disease Causing
seq5,Mutant_G14Q,DPYYDPTSSPSEIQP,0.37,Disease Causing
seq5,Mutant_G14R,DPYYDPTSSPSEIRP,0.38,Disease Causing
seq5,Mutant_G14S,DPYYDPTSSPSEISP,0.37,Disease Causing
seq5,Mutant_G14T,DPYYDPTSSPSEITP,0.32,Disease Causing
seq5,Mutant_G14V,DPYYDPTSSPSEIVP,0.34,Disease Causing
seq5,Mutant_G14W,DPYYDPTSSPSEIWP,0.41,Disease Causing
seq5,Mutant_G14Y,DPYYDPTSSPSEIYP,0.41,Disease Causing
seq5,Mutant_P15A,DPYYDPTSSPSEIGA,0.24,Disease non-causing
seq5,Mutant_P15C,DPYYDPTSSPSEIGC,0.24,Disease non-causing
seq5,Mutant_P15D,DPYYDPTSSPSEIGD,0.25,Disease non-causing
seq5,Mutant_P15E,DPYYDPTSSPSEIGE,0.26,Disease non-causing
seq5,Mutant_P15F,DPYYDPTSSPSEIGF,0.22,Disease non-causing
seq5,Mutant_P15G,DPYYDPTSSPSEIGG,0.27,Disease non-causing
seq5,Mutant_P15H,DPYYDPTSSPSEIGH,0.15,Disease non-causing
seq5,Mutant_P15I,DPYYDPTSSPSEIGI,0.26,Disease non-causing
seq5,Mutant_P15K,DPYYDPTSSPSEIGK,0.17,Disease non-causing
seq5,Mutant_P15L,DPYYDPTSSPSEIGL,0.23,Disease non-causing
seq5,Mutant_P15M,DPYYDPTSSPSEIGM,0.25,Disease non-causing
seq5,Mutant_P15N,DPYYDPTSSPSEIGN,0.25,Disease non-causing
seq5,Mutant_P15Q,DPYYDPTSSPSEIGQ,0.26,Disease non-causing
seq5,Mutant_P15R,DPYYDPTSSPSEIGR,0.22,Disease non-causing
seq5,Mutant_P15S,DPYYDPTSSPSEIGS,0.24,Disease non-causing
seq5,Mutant_P15T,DPYYDPTSSPSEIGT,0.23,Disease non-causing
seq5,Mutant_P15V,DPYYDPTSSPSEIGV,0.22,Disease non-causing
seq5,Mutant_P15W,DPYYDPTSSPSEIGW,0.26,Disease non-causing
seq5,Mutant_P15Y,DPYYDPTSSPSEIGY,0.27,Disease non-causing
seq6,Original,DTTVAPAGTQAIIDT,0.08,Disease non-causing
seq6,Mutant_D1A,ATTVAPAGTQAIIDT,0.06,Disease non-causing
seq6,Mutant_D1C,CTTVAPAGTQAIIDT,0.11,Disease non-causing
seq6,Mutant_D1E,ETTVAPAGTQAIIDT,0.04,Disease non-causing
seq6,Mutant_D1F,FTTVAPAGTQAIIDT,0.07,Disease non-causing
seq6,Mutant_D1G,GTTVAPAGTQAIIDT,0.07,Disease non-causing
seq6,Mutant_D1H,HTTVAPAGTQAIIDT,0.09,Disease non-causing
seq6,Mutant_D1I,ITTVAPAGTQAIIDT,0.1,Disease non-causing
seq6,Mutant_D1K,KTTVAPAGTQAIIDT,0.04,Disease non-causing
seq6,Mutant_D1L,LTTVAPAGTQAIIDT,0.06,Disease non-causing
seq6,Mutant_D1M,MTTVAPAGTQAIIDT,0.09,Disease non-causing
seq6,Mutant_D1N,NTTVAPAGTQAIIDT,0.05,Disease non-causing
seq6,Mutant_D1P,PTTVAPAGTQAIIDT,0.08,Disease non-causing
seq6,Mutant_D1Q,QTTVAPAGTQAIIDT,0.09,Disease non-causing
seq6,Mutant_D1R,RTTVAPAGTQAIIDT,0.05,Disease non-causing
seq6,Mutant_D1S,STTVAPAGTQAIIDT,0.07,Disease non-causing
seq6,Mutant_D1T,TTTVAPAGTQAIIDT,0.07,Disease non-causing
seq6,Mutant_D1V,VTTVAPAGTQAIIDT,0.07,Disease non-causing
seq6,Mutant_D1W,WTTVAPAGTQAIIDT,0.06,Disease non-causing
seq6,Mutant_D1Y,YTTVAPAGTQAIIDT,0.06,Disease non-causing
seq6,Mutant_T2A,DATVAPAGTQAIIDT,0.07,Disease non-causing
seq6,Mutant_T2C,DCTVAPAGTQAIIDT,0.1,Disease non-causing
seq6,Mutant_T2D,DDTVAPAGTQAIIDT,0.07,Disease non-causing
seq6,Mutant_T2E,DETVAPAGTQAIIDT,0.04,Disease non-causing
seq6,Mutant_T2F,DFTVAPAGTQAIIDT,0.08,Disease non-causing
seq6,Mutant_T2G,DGTVAPAGTQAIIDT,0.08,Disease non-causing
seq6,Mutant_T2H,DHTVAPAGTQAIIDT,0.09,Disease non-causing
seq6,Mutant_T2I,DITVAPAGTQAIIDT,0.11,Disease non-causing
seq6,Mutant_T2K,DKTVAPAGTQAIIDT,0.04,Disease non-causing
seq6,Mutant_T2L,DLTVAPAGTQAIIDT,0.07,Disease non-causing
seq6,Mutant_T2M,DMTVAPAGTQAIIDT,0.1,Disease non-causing
seq6,Mutant_T2N,DNTVAPAGTQAIIDT,0.04,Disease non-causing
seq6,Mutant_T2P,DPTVAPAGTQAIIDT,0.09,Disease non-causing
seq6,Mutant_T2Q,DQTVAPAGTQAIIDT,0.09,Disease non-causing
seq6,Mutant_T2R,DRTVAPAGTQAIIDT,0.04,Disease non-causing
seq6,Mutant_T2S,DSTVAPAGTQAIIDT,0.06,Disease non-causing
seq6,Mutant_T2V,DVTVAPAGTQAIIDT,0.08,Disease non-causing
seq6,Mutant_T2W,DWTVAPAGTQAIIDT,0.07,Disease non-causing
seq6,Mutant_T2Y,DYTVAPAGTQAIIDT,0.08,Disease non-causing
seq6,Mutant_T3A,DTAVAPAGTQAIIDT,0.07,Disease non-causing
seq6,Mutant_T3C,DTCVAPAGTQAIIDT,0.1,Disease non-causing
seq6,Mutant_T3D,DTDVAPAGTQAIIDT,0.07,Disease non-causing
seq6,Mutant_T3E,DTEVAPAGTQAIIDT,0.04,Disease non-causing
seq6,Mutant_T3F,DTFVAPAGTQAIIDT,0.08,Disease non-causing
seq6,Mutant_T3G,DTGVAPAGTQAIIDT,0.08,Disease non-causing
seq6,Mutant_T3H,DTHVAPAGTQAIIDT,0.09,Disease non-causing
seq6,Mutant_T3I,DTIVAPAGTQAIIDT,0.11,Disease non-causing
seq6,Mutant_T3K,DTKVAPAGTQAIIDT,0.04,Disease non-causing
seq6,Mutant_T3L,DTLVAPAGTQAIIDT,0.07,Disease non-causing
seq6,Mutant_T3M,DTMVAPAGTQAIIDT,0.1,Disease non-causing
seq6,Mutant_T3N,DTNVAPAGTQAIIDT,0.04,Disease non-causing
seq6,Mutant_T3P,DTPVAPAGTQAIIDT,0.09,Disease non-causing
seq6,Mutant_T3Q,DTQVAPAGTQAIIDT,0.09,Disease non-causing
seq6,Mutant_T3R,DTRVAPAGTQAIIDT,0.04,Disease non-causing
seq6,Mutant_T3S,DTSVAPAGTQAIIDT,0.06,Disease non-causing
seq6,Mutant_T3V,DTVVAPAGTQAIIDT,0.08,Disease non-causing
seq6,Mutant_T3W,DTWVAPAGTQAIIDT,0.07,Disease non-causing
seq6,Mutant_T3Y,DTYVAPAGTQAIIDT,0.08,Disease non-causing
seq6,Mutant_V4A,DTTAAPAGTQAIIDT,0.06,Disease non-causing
seq6,Mutant_V4C,DTTCAPAGTQAIIDT,0.11,Disease non-causing
seq6,Mutant_V4D,DTTDAPAGTQAIIDT,0.06,Disease non-causing
seq6,Mutant_V4E,DTTEAPAGTQAIIDT,0.03,Disease non-causing
seq6,Mutant_V4F,DTTFAPAGTQAIIDT,0.09,Disease non-causing
seq6,Mutant_V4G,DTTGAPAGTQAIIDT,0.07,Disease non-causing
seq6,Mutant_V4H,DTTHAPAGTQAIIDT,0.09,Disease non-causing
seq6,Mutant_V4I,DTTIAPAGTQAIIDT,0.1,Disease non-causing
seq6,Mutant_V4K,DTTKAPAGTQAIIDT,0.04,Disease non-causing
seq6,Mutant_V4L,DTTLAPAGTQAIIDT,0.07,Disease non-causing
seq6,Mutant_V4M,DTTMAPAGTQAIIDT,0.09,Disease non-causing
seq6,Mutant_V4N,DTTNAPAGTQAIIDT,0.04,Disease non-causing
seq6,Mutant_V4P,DTTPAPAGTQAIIDT,0.1,Disease non-causing
seq6,Mutant_V4Q,DTTQAPAGTQAIIDT,0.09,Disease non-causing
seq6,Mutant_V4R,DTTRAPAGTQAIIDT,0.04,Disease non-causing
seq6,Mutant_V4S,DTTSAPAGTQAIIDT,0.05,Disease non-causing
seq6,Mutant_V4T,DTTTAPAGTQAIIDT,0.07,Disease non-causing
seq6,Mutant_V4W,DTTWAPAGTQAIIDT,0.06,Disease non-causing
seq6,Mutant_V4Y,DTTYAPAGTQAIIDT,0.07,Disease non-causing
seq6,Mutant_A5C,DTTVCPAGTQAIIDT,0.1,Disease non-causing
seq6,Mutant_A5D,DTTVDPAGTQAIIDT,0.07,Disease non-causing
seq6,Mutant_A5E,DTTVEPAGTQAIIDT,0.04,Disease non-causing
seq6,Mutant_A5F,DTTVFPAGTQAIIDT,0.08,Disease non-causing
seq6,Mutant_A5G,DTTVGPAGTQAIIDT,0.08,Disease non-causing
seq6,Mutant_A5H,DTTVHPAGTQAIIDT,0.1,Disease non-causing
seq6,Mutant_A5I,DTTVIPAGTQAIIDT,0.09,Disease non-causing
seq6,Mutant_A5K,DTTVKPAGTQAIIDT,0.04,Disease non-causing
seq6,Mutant_A5L,DTTVLPAGTQAIIDT,0.07,Disease non-causing
seq6,Mutant_A5M,DTTVMPAGTQAIIDT,0.1,Disease non-causing
seq6,Mutant_A5N,DTTVNPAGTQAIIDT,0.05,Disease non-causing
seq6,Mutant_A5P,DTTVPPAGTQAIIDT,0.1,Disease non-causing
seq6,Mutant_A5Q,DTTVQPAGTQAIIDT,0.1,Disease non-causing
seq6,Mutant_A5R,DTTVRPAGTQAIIDT,0.04,Disease non-causing
seq6,Mutant_A5S,DTTVSPAGTQAIIDT,0.07,Disease non-causing
seq6,Mutant_A5T,DTTVTPAGTQAIIDT,0.08,Disease non-causing
seq6,Mutant_A5V,DTTVVPAGTQAIIDT,0.09,Disease non-causing
seq6,Mutant_A5W,DTTVWPAGTQAIIDT,0.07,Disease non-causing
seq6,Mutant_A5Y,DTTVYPAGTQAIIDT,0.08,Disease non-causing
seq6,Mutant_P6A,DTTVAAAGTQAIIDT,0.03,Disease non-causing
seq6,Mutant_P6C,DTTVACAGTQAIIDT,0.07,Disease non-causing
seq6,Mutant_P6D,DTTVADAGTQAIIDT,0.03,Disease non-causing
seq6,Mutant_P6E,DTTVAEAGTQAIIDT,0.02,Disease non-causing
seq6,Mutant_P6F,DTTVAFAGTQAIIDT,0.04,Disease non-causing
seq6,Mutant_P6G,DTTVAGAGTQAIIDT,0.04,Disease non-causing
seq6,Mutant_P6H,DTTVAHAGTQAIIDT,0.06,Disease non-causing
seq6,Mutant_P6I,DTTVAIAGTQAIIDT,0.08,Disease non-causing
seq6,Mutant_P6K,DTTVAKAGTQAIIDT,0.04,Disease non-causing
seq6,Mutant_P6L,DTTVALAGTQAIIDT,0.04,Disease non-causing
seq6,Mutant_P6M,DTTVAMAGTQAIIDT,0.06,Disease non-causing
seq6,Mutant_P6N,DTTVANAGTQAIIDT,0.03,Disease non-causing
seq6,Mutant_P6Q,DTTVAQAGTQAIIDT,0.06,Disease non-causing
seq6,Mutant_P6R,DTTVARAGTQAIIDT,0.03,Disease non-causing
seq6,Mutant_P6S,DTTVASAGTQAIIDT,0.04,Disease non-causing
seq6,Mutant_P6T,DTTVATAGTQAIIDT,0.04,Disease non-causing
seq6,Mutant_P6V,DTTVAVAGTQAIIDT,0.04,Disease non-causing
seq6,Mutant_P6W,DTTVAWAGTQAIIDT,0.04,Disease non-causing
seq6,Mutant_P6Y,DTTVAYAGTQAIIDT,0.04,Disease non-causing
seq6,Mutant_A7C,DTTVAPCGTQAIIDT,0.1,Disease non-causing
seq6,Mutant_A7D,DTTVAPDGTQAIIDT,0.07,Disease non-causing
seq6,Mutant_A7E,DTTVAPEGTQAIIDT,0.04,Disease non-causing
seq6,Mutant_A7F,DTTVAPFGTQAIIDT,0.08,Disease non-causing
seq6,Mutant_A7G,DTTVAPGGTQAIIDT,0.08,Disease non-causing
seq6,Mutant_A7H,DTTVAPHGTQAIIDT,0.1,Disease non-causing
seq6,Mutant_A7I,DTTVAPIGTQAIIDT,0.09,Disease non-causing
seq6,Mutant_A7K,DTTVAPKGTQAIIDT,0.04,Disease non-causing
seq6,Mutant_A7L,DTTVAPLGTQAIIDT,0.07,Disease non-causing
seq6,Mutant_A7M,DTTVAPMGTQAIIDT,0.1,Disease non-causing
seq6,Mutant_A7N,DTTVAPNGTQAIIDT,0.05,Disease non-causing
seq6,Mutant_A7P,DTTVAPPGTQAIIDT,0.1,Disease non-causing
seq6,Mutant_A7Q,DTTVAPQGTQAIIDT,0.1,Disease non-causing
seq6,Mutant_A7R,DTTVAPRGTQAIIDT,0.04,Disease non-causing
seq6,Mutant_A7S,DTTVAPSGTQAIIDT,0.07,Disease non-causing
seq6,Mutant_A7T,DTTVAPTGTQAIIDT,0.08,Disease non-causing
seq6,Mutant_A7V,DTTVAPVGTQAIIDT,0.09,Disease non-causing
seq6,Mutant_A7W,DTTVAPWGTQAIIDT,0.07,Disease non-causing
seq6,Mutant_A7Y,DTTVAPYGTQAIIDT,0.08,Disease non-causing
seq6,Mutant_G8A,DTTVAPAATQAIIDT,0.07,Disease non-causing
seq6,Mutant_G8C,DTTVAPACTQAIIDT,0.12,Disease non-causing
seq6,Mutant_G8D,DTTVAPADTQAIIDT,0.07,Disease non-causing
seq6,Mutant_G8E,DTTVAPAETQAIIDT,0.04,Disease non-causing
seq6,Mutant_G8F,DTTVAPAFTQAIIDT,0.08,Disease non-causing
seq6,Mutant_G8H,DTTVAPAHTQAIIDT,0.1,Disease non-causing
seq6,Mutant_G8I,DTTVAPAITQAIIDT,0.11,Disease non-causing
seq6,Mutant_G8K,DTTVAPAKTQAIIDT,0.04,Disease non-causing
seq6,Mutant_G8L,DTTVAPALTQAIIDT,0.08,Disease non-causing
seq6,Mutant_G8M,DTTVAPAMTQAIIDT,0.08,Disease non-causing
seq6,Mutant_G8N,DTTVAPANTQAIIDT,0.04,Disease non-causing
seq6,Mutant_G8P,DTTVAPAPTQAIIDT,0.12,Disease non-causing
seq6,Mutant_G8Q,DTTVAPAQTQAIIDT,0.09,Disease non-causing
seq6,Mutant_G8R,DTTVAPARTQAIIDT,0.03,Disease non-causing
seq6,Mutant_G8S,DTTVAPASTQAIIDT,0.04,Disease non-causing
seq6,Mutant_G8T,DTTVAPATTQAIIDT,0.08,Disease non-causing
seq6,Mutant_G8V,DTTVAPAVTQAIIDT,0.08,Disease non-causing
seq6,Mutant_G8W,DTTVAPAWTQAIIDT,0.07,Disease non-causing
seq6,Mutant_G8Y,DTTVAPAYTQAIIDT,0.08,Disease non-causing
seq6,Mutant_T9A,DTTVAPAGAQAIIDT,0.07,Disease non-causing
seq6,Mutant_T9C,DTTVAPAGCQAIIDT,0.1,Disease non-causing
seq6,Mutant_T9D,DTTVAPAGDQAIIDT,0.07,Disease non-causing
seq6,Mutant_T9E,DTTVAPAGEQAIIDT,0.04,Disease non-causing
seq6,Mutant_T9F,DTTVAPAGFQAIIDT,0.08,Disease non-causing
seq6,Mutant_T9G,DTTVAPAGGQAIIDT,0.08,Disease non-causing
seq6,Mutant_T9H,DTTVAPAGHQAIIDT,0.09,Disease non-causing
seq6,Mutant_T9I,DTTVAPAGIQAIIDT,0.11,Disease non-causing
seq6,Mutant_T9K,DTTVAPAGKQAIIDT,0.04,Disease non-causing
seq6,Mutant_T9L,DTTVAPAGLQAIIDT,0.07,Disease non-causing
seq6,Mutant_T9M,DTTVAPAGMQAIIDT,0.1,Disease non-causing
seq6,Mutant_T9N,DTTVAPAGNQAIIDT,0.04,Disease non-causing
seq6,Mutant_T9P,DTTVAPAGPQAIIDT,0.09,Disease non-causing
seq6,Mutant_T9Q,DTTVAPAGQQAIIDT,0.09,Disease non-causing
seq6,Mutant_T9R,DTTVAPAGRQAIIDT,0.04,Disease non-causing
seq6,Mutant_T9S,DTTVAPAGSQAIIDT,0.06,Disease non-causing
seq6,Mutant_T9V,DTTVAPAGVQAIIDT,0.08,Disease non-causing
seq6,Mutant_T9W,DTTVAPAGWQAIIDT,0.07,Disease non-causing
seq6,Mutant_T9Y,DTTVAPAGYQAIIDT,0.08,Disease non-causing
seq6,Mutant_Q10A,DTTVAPAGTAAIIDT,0.06,Disease non-causing
seq6,Mutant_Q10C,DTTVAPAGTCAIIDT,0.08,Disease non-causing
seq6,Mutant_Q10D,DTTVAPAGTDAIIDT,0.06,Disease non-causing
seq6,Mutant_Q10E,DTTVAPAGTEAIIDT,0.02,Disease non-causing
seq6,Mutant_Q10F,DTTVAPAGTFAIIDT,0.07,Disease non-causing
seq6,Mutant_Q10G,DTTVAPAGTGAIIDT,0.06,Disease non-causing
seq6,Mutant_Q10H,DTTVAPAGTHAIIDT,0.08,Disease non-causing
seq6,Mutant_Q10I,DTTVAPAGTIAIIDT,0.1,Disease non-causing
seq6,Mutant_Q10K,DTTVAPAGTKAIIDT,0.02,Disease non-causing
seq6,Mutant_Q10L,DTTVAPAGTLAIIDT,0.06,Disease non-causing
seq6,Mutant_Q10M,DTTVAPAGTMAIIDT,0.08,Disease non-causing
seq6,Mutant_Q10N,DTTVAPAGTNAIIDT,0.03,Disease non-causing
seq6,Mutant_Q10P,DTTVAPAGTPAIIDT,0.07,Disease non-causing
seq6,Mutant_Q10R,DTTVAPAGTRAIIDT,0.02,Disease non-causing
seq6,Mutant_Q10S,DTTVAPAGTSAIIDT,0.05,Disease non-causing
seq6,Mutant_Q10T,DTTVAPAGTTAIIDT,0.06,Disease non-causing
seq6,Mutant_Q10V,DTTVAPAGTVAIIDT,0.06,Disease non-causing
seq6,Mutant_Q10W,DTTVAPAGTWAIIDT,0.05,Disease non-causing
seq6,Mutant_Q10Y,DTTVAPAGTYAIIDT,0.06,Disease non-causing
seq6,Mutant_A11C,DTTVAPAGTQCIIDT,0.1,Disease non-causing
seq6,Mutant_A11D,DTTVAPAGTQDIIDT,0.07,Disease non-causing
seq6,Mutant_A11E,DTTVAPAGTQEIIDT,0.04,Disease non-causing
seq6,Mutant_A11F,DTTVAPAGTQFIIDT,0.08,Disease non-causing
seq6,Mutant_A11G,DTTVAPAGTQGIIDT,0.08,Disease non-causing
seq6,Mutant_A11H,DTTVAPAGTQHIIDT,0.1,Disease non-causing
seq6,Mutant_A11I,DTTVAPAGTQIIIDT,0.09,Disease non-causing
seq6,Mutant_A11K,DTTVAPAGTQKIIDT,0.04,Disease non-causing
seq6,Mutant_A11L,DTTVAPAGTQLIIDT,0.07,Disease non-causing
seq6,Mutant_A11M,DTTVAPAGTQMIIDT,0.1,Disease non-causing
seq6,Mutant_A11N,DTTVAPAGTQNIIDT,0.05,Disease non-causing
seq6,Mutant_A11P,DTTVAPAGTQPIIDT,0.1,Disease non-causing
seq6,Mutant_A11Q,DTTVAPAGTQQIIDT,0.1,Disease non-causing
seq6,Mutant_A11R,DTTVAPAGTQRIIDT,0.04,Disease non-causing
seq6,Mutant_A11S,DTTVAPAGTQSIIDT,0.07,Disease non-causing
seq6,Mutant_A11T,DTTVAPAGTQTIIDT,0.08,Disease non-causing
seq6,Mutant_A11V,DTTVAPAGTQVIIDT,0.09,Disease non-causing
seq6,Mutant_A11W,DTTVAPAGTQWIIDT,0.07,Disease non-causing
seq6,Mutant_A11Y,DTTVAPAGTQYIIDT,0.08,Disease non-causing
seq6,Mutant_I12A,DTTVAPAGTQAAIDT,0.05,Disease non-causing
seq6,Mutant_I12C,DTTVAPAGTQACIDT,0.07,Disease non-causing
seq6,Mutant_I12D,DTTVAPAGTQADIDT,0.05,Disease non-causing
seq6,Mutant_I12E,DTTVAPAGTQAEIDT,0.03,Disease non-causing
seq6,Mutant_I12F,DTTVAPAGTQAFIDT,0.06,Disease non-causing
seq6,Mutant_I12G,DTTVAPAGTQAGIDT,0.05,Disease non-causing
seq6,Mutant_I12H,DTTVAPAGTQAHIDT,0.05,Disease non-causing
seq6,Mutant_I12K,DTTVAPAGTQAKIDT,0.01,Disease non-causing
seq6,Mutant_I12L,DTTVAPAGTQALIDT,0.04,Disease non-causing
seq6,Mutant_I12M,DTTVAPAGTQAMIDT,0.06,Disease non-causing
seq6,Mutant_I12N,DTTVAPAGTQANIDT,0.03,Disease non-causing
seq6,Mutant_I12P,DTTVAPAGTQAPIDT,0.06,Disease non-causing
seq6,Mutant_I12Q,DTTVAPAGTQAQIDT,0.06,Disease non-causing
seq6,Mutant_I12R,DTTVAPAGTQARIDT,0.02,Disease non-causing
seq6,Mutant_I12S,DTTVAPAGTQASIDT,0.03,Disease non-causing
seq6,Mutant_I12T,DTTVAPAGTQATIDT,0.05,Disease non-causing
seq6,Mutant_I12V,DTTVAPAGTQAVIDT,0.05,Disease non-causing
seq6,Mutant_I12W,DTTVAPAGTQAWIDT,0.08,Disease non-causing
seq6,Mutant_I12Y,DTTVAPAGTQAYIDT,0.05,Disease non-causing
seq6,Mutant_I13A,DTTVAPAGTQAIADT,0.05,Disease non-causing
seq6,Mutant_I13C,DTTVAPAGTQAICDT,0.07,Disease non-causing
seq6,Mutant_I13D,DTTVAPAGTQAIDDT,0.05,Disease non-causing
seq6,Mutant_I13E,DTTVAPAGTQAIEDT,0.03,Disease non-causing
seq6,Mutant_I13F,DTTVAPAGTQAIFDT,0.06,Disease non-causing
seq6,Mutant_I13G,DTTVAPAGTQAIGDT,0.05,Disease non-causing
seq6,Mutant_I13H,DTTVAPAGTQAIHDT,0.05,Disease non-causing
seq6,Mutant_I13K,DTTVAPAGTQAIKDT,0.01,Disease non-causing
seq6,Mutant_I13L,DTTVAPAGTQAILDT,0.04,Disease non-causing
seq6,Mutant_I13M,DTTVAPAGTQAIMDT,0.06,Disease non-causing
seq6,Mutant_I13N,DTTVAPAGTQAINDT,0.03,Disease non-causing
seq6,Mutant_I13P,DTTVAPAGTQAIPDT,0.06,Disease non-causing
seq6,Mutant_I13Q,DTTVAPAGTQAIQDT,0.06,Disease non-causing
seq6,Mutant_I13R,DTTVAPAGTQAIRDT,0.02,Disease non-causing
seq6,Mutant_I13S,DTTVAPAGTQAISDT,0.03,Disease non-causing
seq6,Mutant_I13T,DTTVAPAGTQAITDT,0.05,Disease non-causing
seq6,Mutant_I13V,DTTVAPAGTQAIVDT,0.05,Disease non-causing
seq6,Mutant_I13W,DTTVAPAGTQAIWDT,0.08,Disease non-causing
seq6,Mutant_I13Y,DTTVAPAGTQAIYDT,0.05,Disease non-causing
seq6,Mutant_D14A,DTTVAPAGTQAIIAT,0.06,Disease non-causing
seq6,Mutant_D14C,DTTVAPAGTQAIICT,0.11,Disease non-causing
seq6,Mutant_D14E,DTTVAPAGTQAIIET,0.04,Disease non-causing
seq6,Mutant_D14F,DTTVAPAGTQAIIFT,0.07,Disease non-causing
seq6,Mutant_D14G,DTTVAPAGTQAIIGT,0.07,Disease non-causing
seq6,Mutant_D14H,DTTVAPAGTQAIIHT,0.09,Disease non-causing
seq6,Mutant_D14I,DTTVAPAGTQAIIIT,0.1,Disease non-causing
seq6,Mutant_D14K,DTTVAPAGTQAIIKT,0.04,Disease non-causing
seq6,Mutant_D14L,DTTVAPAGTQAIILT,0.06,Disease non-causing
seq6,Mutant_D14M,DTTVAPAGTQAIIMT,0.09,Disease non-causing
seq6,Mutant_D14N,DTTVAPAGTQAIINT,0.05,Disease non-causing
seq6,Mutant_D14P,DTTVAPAGTQAIIPT,0.08,Disease non-causing
seq6,Mutant_D14Q,DTTVAPAGTQAIIQT,0.09,Disease non-causing
seq6,Mutant_D14R,DTTVAPAGTQAIIRT,0.05,Disease non-causing
seq6,Mutant_D14S,DTTVAPAGTQAIIST,0.07,Disease non-causing
seq6,Mutant_D14T,DTTVAPAGTQAIITT,0.07,Disease non-causing
seq6,Mutant_D14V,DTTVAPAGTQAIIVT,0.07,Disease non-causing
seq6,Mutant_D14W,DTTVAPAGTQAIIWT,0.06,Disease non-causing
seq6,Mutant_D14Y,DTTVAPAGTQAIIYT,0.06,Disease non-causing
seq6,Mutant_T15A,DTTVAPAGTQAIIDA,0.07,Disease non-causing
seq6,Mutant_T15C,DTTVAPAGTQAIIDC,0.1,Disease non-causing
seq6,Mutant_T15D,DTTVAPAGTQAIIDD,0.07,Disease non-causing
seq6,Mutant_T15E,DTTVAPAGTQAIIDE,0.04,Disease non-causing
seq6,Mutant_T15F,DTTVAPAGTQAIIDF,0.08,Disease non-causing
seq6,Mutant_T15G,DTTVAPAGTQAIIDG,0.08,Disease non-causing
seq6,Mutant_T15H,DTTVAPAGTQAIIDH,0.09,Disease non-causing
seq6,Mutant_T15I,DTTVAPAGTQAIIDI,0.11,Disease non-causing
seq6,Mutant_T15K,DTTVAPAGTQAIIDK,0.04,Disease non-causing
seq6,Mutant_T15L,DTTVAPAGTQAIIDL,0.07,Disease non-causing
seq6,Mutant_T15M,DTTVAPAGTQAIIDM,0.1,Disease non-causing
seq6,Mutant_T15N,DTTVAPAGTQAIIDN,0.04,Disease non-causing
seq6,Mutant_T15P,DTTVAPAGTQAIIDP,0.09,Disease non-causing
seq6,Mutant_T15Q,DTTVAPAGTQAIIDQ,0.09,Disease non-causing
seq6,Mutant_T15R,DTTVAPAGTQAIIDR,0.04,Disease non-causing
seq6,Mutant_T15S,DTTVAPAGTQAIIDS,0.06,Disease non-causing
seq6,Mutant_T15V,DTTVAPAGTQAIIDV,0.08,Disease non-causing
seq6,Mutant_T15W,DTTVAPAGTQAIIDW,0.07,Disease non-causing
seq6,Mutant_T15Y,DTTVAPAGTQAIIDY,0.08,Disease non-causing
seq7,Original,QQLPQPQQPQQSFPQQQRPF,0.98,Disease Causing
seq7,Mutant_Q1A,AQLPQPQQPQQSFPQQQRPF,0.96,Disease Causing
seq7,Mutant_Q1C,CQLPQPQQPQQSFPQQQRPF,0.97,Disease Causing
seq7,Mutant_Q1D,DQLPQPQQPQQSFPQQQRPF,0.8,Disease Causing
seq7,Mutant_Q1E,EQLPQPQQPQQSFPQQQRPF,0.97,Disease Causing
seq7,Mutant_Q1F,FQLPQPQQPQQSFPQQQRPF,0.98,Disease Causing
seq7,Mutant_Q1G,GQLPQPQQPQQSFPQQQRPF,0.97,Disease Causing
seq7,Mutant_Q1H,HQLPQPQQPQQSFPQQQRPF,0.96,Disease Causing
seq7,Mutant_Q1I,IQLPQPQQPQQSFPQQQRPF,0.97,Disease Causing
seq7,Mutant_Q1K,KQLPQPQQPQQSFPQQQRPF,0.91,Disease Causing
seq7,Mutant_Q1L,LQLPQPQQPQQSFPQQQRPF,0.98,Disease Causing
seq7,Mutant_Q1M,MQLPQPQQPQQSFPQQQRPF,0.94,Disease Causing
seq7,Mutant_Q1N,NQLPQPQQPQQSFPQQQRPF,0.96,Disease Causing
seq7,Mutant_Q1P,PQLPQPQQPQQSFPQQQRPF,0.99,Disease Causing
seq7,Mutant_Q1R,RQLPQPQQPQQSFPQQQRPF,0.99,Disease Causing
seq7,Mutant_Q1S,SQLPQPQQPQQSFPQQQRPF,0.98,Disease Causing
seq7,Mutant_Q1T,TQLPQPQQPQQSFPQQQRPF,0.98,Disease Causing
seq7,Mutant_Q1V,VQLPQPQQPQQSFPQQQRPF,0.93,Disease Causing
seq7,Mutant_Q1W,WQLPQPQQPQQSFPQQQRPF,0.96,Disease Causing
seq7,Mutant_Q1Y,YQLPQPQQPQQSFPQQQRPF,0.98,Disease Causing
seq7,Mutant_Q2A,QALPQPQQPQQSFPQQQRPF,0.96,Disease Causing
seq7,Mutant_Q2C,QCLPQPQQPQQSFPQQQRPF,0.97,Disease Causing
seq7,Mutant_Q2D,QDLPQPQQPQQSFPQQQRPF,0.8,Disease Causing
seq7,Mutant_Q2E,QELPQPQQPQQSFPQQQRPF,0.97,Disease Causing
seq7,Mutant_Q2F,QFLPQPQQPQQSFPQQQRPF,0.98,Disease Causing
seq7,Mutant_Q2G,QGLPQPQQPQQSFPQQQRPF,0.97,Disease Causing
seq7,Mutant_Q2H,QHLPQPQQPQQSFPQQQRPF,0.96,Disease Causing
seq7,Mutant_Q2I,QILPQPQQPQQSFPQQQRPF,0.97,Disease Causing
seq7,Mutant_Q2K,QKLPQPQQPQQSFPQQQRPF,0.91,Disease Causing
seq7,Mutant_Q2L,QLLPQPQQPQQSFPQQQRPF,0.98,Disease Causing
seq7,Mutant_Q2M,QMLPQPQQPQQSFPQQQRPF,0.94,Disease Causing
seq7,Mutant_Q2N,QNLPQPQQPQQSFPQQQRPF,0.96,Disease Causing
seq7,Mutant_Q2P,QPLPQPQQPQQSFPQQQRPF,0.99,Disease Causing
seq7,Mutant_Q2R,QRLPQPQQPQQSFPQQQRPF,0.99,Disease Causing
seq7,Mutant_Q2S,QSLPQPQQPQQSFPQQQRPF,0.98,Disease Causing
seq7,Mutant_Q2T,QTLPQPQQPQQSFPQQQRPF,0.98,Disease Causing
seq7,Mutant_Q2V,QVLPQPQQPQQSFPQQQRPF,0.93,Disease Causing
seq7,Mutant_Q2W,QWLPQPQQPQQSFPQQQRPF,0.96,Disease Causing
seq7,Mutant_Q2Y,QYLPQPQQPQQSFPQQQRPF,0.98,Disease Causing
seq7,Mutant_L3A,QQAPQPQQPQQSFPQQQRPF,0.97,Disease Causing
seq7,Mutant_L3C,QQCPQPQQPQQSFPQQQRPF,0.96,Disease Causing
seq7,Mutant_L3D,QQDPQPQQPQQSFPQQQRPF,0.82,Disease Causing
seq7,Mutant_L3E,QQEPQPQQPQQSFPQQQRPF,0.98,Disease Causing
seq7,Mutant_L3F,QQFPQPQQPQQSFPQQQRPF,0.98,Disease Causing
seq7,Mutant_L3G,QQGPQPQQPQQSFPQQQRPF,0.97,Disease Causing
seq7,Mutant_L3H,QQHPQPQQPQQSFPQQQRPF,0.97,Disease Causing
seq7,Mutant_L3I,QQIPQPQQPQQSFPQQQRPF,0.98,Disease Causing
seq7,Mutant_L3K,QQKPQPQQPQQSFPQQQRPF,0.89,Disease Causing
seq7,Mutant_L3M,QQMPQPQQPQQSFPQQQRPF,0.93,Disease Causing
seq7,Mutant_L3N,QQNPQPQQPQQSFPQQQRPF,0.97,Disease Causing
seq7,Mutant_L3P,QQPPQPQQPQQSFPQQQRPF,1.0,Disease Causing
seq7,Mutant_L3Q,QQQPQPQQPQQSFPQQQRPF,0.98,Disease Causing
seq7,Mutant_L3R,QQRPQPQQPQQSFPQQQRPF,0.97,Disease Causing
seq7,Mutant_L3S,QQSPQPQQPQQSFPQQQRPF,0.99,Disease Causing
seq7,Mutant_L3T,QQTPQPQQPQQSFPQQQRPF,0.99,Disease Causing
seq7,Mutant_L3V,QQVPQPQQPQQSFPQQQRPF,0.93,Disease Causing
seq7,Mutant_L3W,QQWPQPQQPQQSFPQQQRPF,0.96,Disease Causing
seq7,Mutant_L3Y,QQYPQPQQPQQSFPQQQRPF,0.98,Disease Causing
seq7,Mutant_P4A,QQLAQPQQPQQSFPQQQRPF,0.95,Disease Causing
seq7,Mutant_P4C,QQLCQPQQPQQSFPQQQRPF,0.96,Disease Causing
seq7,Mutant_P4D,QQLDQPQQPQQSFPQQQRPF,0.77,Disease Causing
seq7,Mutant_P4E,QQLEQPQQPQQSFPQQQRPF,0.95,Disease Causing
seq7,Mutant_P4F,QQLFQPQQPQQSFPQQQRPF,0.96,Disease Causing
seq7,Mutant_P4G,QQLGQPQQPQQSFPQQQRPF,0.95,Disease Causing
seq7,Mutant_P4H,QQLHQPQQPQQSFPQQQRPF,0.94,Disease Causing
seq7,Mutant_P4I,QQLIQPQQPQQSFPQQQRPF,0.96,Disease Causing
seq7,Mutant_P4K,QQLKQPQQPQQSFPQQQRPF,0.88,Disease Causing
seq7,Mutant_P4L,QQLLQPQQPQQSFPQQQRPF,0.96,Disease Causing
seq7,Mutant_P4M,QQLMQPQQPQQSFPQQQRPF,0.93,Disease Causing
seq7,Mutant_P4N,QQLNQPQQPQQSFPQQQRPF,0.95,Disease Causing
seq7,Mutant_P4Q,QQLQQPQQPQQSFPQQQRPF,0.96,Disease Causing
seq7,Mutant_P4R,QQLRQPQQPQQSFPQQQRPF,0.98,Disease Causing
seq7,Mutant_P4S,QQLSQPQQPQQSFPQQQRPF,0.97,Disease Causing
seq7,Mutant_P4T,QQLTQPQQPQQSFPQQQRPF,0.97,Disease Causing
seq7,Mutant_P4V,QQLVQPQQPQQSFPQQQRPF,0.9,Disease Causing
seq7,Mutant_P4W,QQLWQPQQPQQSFPQQQRPF,0.94,Disease Causing
seq7,Mutant_P4Y,QQLYQPQQPQQSFPQQQRPF,0.96,Disease Causing
seq7,Mutant_Q5A,QQLPAPQQPQQSFPQQQRPF,0.96,Disease Causing
seq7,Mutant_Q5C,QQLPCPQQPQQSFPQQQRPF,0.97,Disease Causing
seq7,Mutant_Q5D,QQLPDPQQPQQSFPQQQRPF,0.8,Disease Causing
seq7,Mutant_Q5E,QQLPEPQQPQQSFPQQQRPF,0.97,Disease Causing
seq7,Mutant_Q5F,QQLPFPQQPQQSFPQQQRPF,0.98,Disease Causing
seq7,Mutant_Q5G,QQLPGPQQPQQSFPQQQRPF,0.97,Disease Causing
seq7,Mutant_Q5H,QQLPHPQQPQQSFPQQQRPF,0.96,Disease Causing
seq7,Mutant_Q5I,QQLPIPQQPQQSFPQQQRPF,0.97,Disease Causing
seq7,Mutant_Q5K,QQLPKPQQPQQSFPQQQRPF,0.91,Disease Causing
seq7,Mutant_Q5L,QQLPLPQQPQQSFPQQQRPF,0.98,Disease Causing
seq7,Mutant_Q5M,QQLPMPQQPQQSFPQQQRPF,0.94,Disease Causing
seq7,Mutant_Q5N,QQLPNPQQPQQSFPQQQRPF,0.96,Disease Causing
seq7,Mutant_Q5P,QQLPPPQQPQQSFPQQQRPF,0.99,Disease Causing
seq7,Mutant_Q5R,QQLPRPQQPQQSFPQQQRPF,0.99,Disease Causing
seq7,Mutant_Q5S,QQLPSPQQPQQSFPQQQRPF,0.98,Disease Causing
seq7,Mutant_Q5T,QQLPTPQQPQQSFPQQQRPF,0.98,Disease Causing
seq7,Mutant_Q5V,QQLPVPQQPQQSFPQQQRPF,0.93,Disease Causing
seq7,Mutant_Q5W,QQLPWPQQPQQSFPQQQRPF,0.96,Disease Causing
seq7,Mutant_Q5Y,QQLPYPQQPQQSFPQQQRPF,0.98,Disease Causing
seq7,Mutant_P6A,QQLPQAQQPQQSFPQQQRPF,0.95,Disease Causing
seq7,Mutant_P6C,QQLPQCQQPQQSFPQQQRPF,0.96,Disease Causing
seq7,Mutant_P6D,QQLPQDQQPQQSFPQQQRPF,0.77,Disease Causing
seq7,Mutant_P6E,QQLPQEQQPQQSFPQQQRPF,0.95,Disease Causing
seq7,Mutant_P6F,QQLPQFQQPQQSFPQQQRPF,0.96,Disease Causing
seq7,Mutant_P6G,QQLPQGQQPQQSFPQQQRPF,0.95,Disease Causing
seq7,Mutant_P6H,QQLPQHQQPQQSFPQQQRPF,0.94,Disease Causing
seq7,Mutant_P6I,QQLPQIQQPQQSFPQQQRPF,0.96,Disease Causing
seq7,Mutant_P6K,QQLPQKQQPQQSFPQQQRPF,0.88,Disease Causing
seq7,Mutant_P6L,QQLPQLQQPQQSFPQQQRPF,0.96,Disease Causing
seq7,Mutant_P6M,QQLPQMQQPQQSFPQQQRPF,0.93,Disease Causing
seq7,Mutant_P6N,QQLPQNQQPQQSFPQQQRPF,0.95,Disease Causing
seq7,Mutant_P6Q,QQLPQQQQPQQSFPQQQRPF,0.96,Disease Causing
seq7,Mutant_P6R,QQLPQRQQPQQSFPQQQRPF,0.98,Disease Causing
seq7,Mutant_P6S,QQLPQSQQPQQSFPQQQRPF,0.97,Disease Causing
seq7,Mutant_P6T,QQLPQTQQPQQSFPQQQRPF,0.97,Disease Causing
seq7,Mutant_P6V,QQLPQVQQPQQSFPQQQRPF,0.9,Disease Causing
seq7,Mutant_P6W,QQLPQWQQPQQSFPQQQRPF,0.94,Disease Causing
seq7,Mutant_P6Y,QQLPQYQQPQQSFPQQQRPF,0.96,Disease Causing
seq7,Mutant_Q7A,QQLPQPAQPQQSFPQQQRPF,0.96,Disease Causing
seq7,Mutant_Q7C,QQLPQPCQPQQSFPQQQRPF,0.97,Disease Causing
seq7,Mutant_Q7D,QQLPQPDQPQQSFPQQQRPF,0.8,Disease Causing
seq7,Mutant_Q7E,QQLPQPEQPQQSFPQQQRPF,0.97,Disease Causing
seq7,Mutant_Q7F,QQLPQPFQPQQSFPQQQRPF,0.98,Disease Causing
seq7,Mutant_Q7G,QQLPQPGQPQQSFPQQQRPF,0.97,Disease Causing
seq7,Mutant_Q7H,QQLPQPHQPQQSFPQQQRPF,0.96,Disease Causing
seq7,Mutant_Q7I,QQLPQPIQPQQSFPQQQRPF,0.97,Disease Causing
seq7,Mutant_Q7K,QQLPQPKQPQQSFPQQQRPF,0.91,Disease Causing
seq7,Mutant_Q7L,QQLPQPLQPQQSFPQQQRPF,0.98,Disease Causing
seq7,Mutant_Q7M,QQLPQPMQPQQSFPQQQRPF,0.94,Disease Causing
seq7,Mutant_Q7N,QQLPQPNQPQQSFPQQQRPF,0.96,Disease Causing
seq7,Mutant_Q7P,QQLPQPPQPQQSFPQQQRPF,0.99,Disease Causing
seq7,Mutant_Q7R,QQLPQPRQPQQSFPQQQRPF,0.99,Disease Causing
seq7,Mutant_Q7S,QQLPQPSQPQQSFPQQQRPF,0.98,Disease Causing
seq7,Mutant_Q7T,QQLPQPTQPQQSFPQQQRPF,0.98,Disease Causing
seq7,Mutant_Q7V,QQLPQPVQPQQSFPQQQRPF,0.93,Disease Causing
seq7,Mutant_Q7W,QQLPQPWQPQQSFPQQQRPF,0.96,Disease Causing
seq7,Mutant_Q7Y,QQLPQPYQPQQSFPQQQRPF,0.98,Disease Causing
seq7,Mutant_Q8A,QQLPQPQAPQQSFPQQQRPF,0.96,Disease Causing
seq7,Mutant_Q8C,QQLPQPQCPQQSFPQQQRPF,0.97,Disease Causing
seq7,Mutant_Q8D,QQLPQPQDPQQSFPQQQRPF,0.8,Disease Causing
seq7,Mutant_Q8E,QQLPQPQEPQQSFPQQQRPF,0.97,Disease Causing
seq7,Mutant_Q8F,QQLPQPQFPQQSFPQQQRPF,0.98,Disease Causing
seq7,Mutant_Q8G,QQLPQPQGPQQSFPQQQRPF,0.97,Disease Causing
seq7,Mutant_Q8H,QQLPQPQHPQQSFPQQQRPF,0.96,Disease Causing
seq7,Mutant_Q8I,QQLPQPQIPQQSFPQQQRPF,0.97,Disease Causing
seq7,Mutant_Q8K,QQLPQPQKPQQSFPQQQRPF,0.91,Disease Causing
seq7,Mutant_Q8L,QQLPQPQLPQQSFPQQQRPF,0.98,Disease Causing
seq7,Mutant_Q8M,QQLPQPQMPQQSFPQQQRPF,0.94,Disease Causing
seq7,Mutant_Q8N,QQLPQPQNPQQSFPQQQRPF,0.96,Disease Causing
seq7,Mutant_Q8P,QQLPQPQPPQQSFPQQQRPF,0.99,Disease Causing
seq7,Mutant_Q8R,QQLPQPQRPQQSFPQQQRPF,0.99,Disease Causing
seq7,Mutant_Q8S,QQLPQPQSPQQSFPQQQRPF,0.98,Disease Causing
seq7,Mutant_Q8T,QQLPQPQTPQQSFPQQQRPF,0.98,Disease Causing
seq7,Mutant_Q8V,QQLPQPQVPQQSFPQQQRPF,0.93,Disease Causing
seq7,Mutant_Q8W,QQLPQPQWPQQSFPQQQRPF,0.96,Disease Causing
seq7,Mutant_Q8Y,QQLPQPQYPQQSFPQQQRPF,0.98,Disease Causing
seq7,Mutant_P9A,QQLPQPQQAQQSFPQQQRPF,0.95,Disease Causing
seq7,Mutant_P9C,QQLPQPQQCQQSFPQQQRPF,0.96,Disease Causing
seq7,Mutant_P9D,QQLPQPQQDQQSFPQQQRPF,0.77,Disease Causing
seq7,Mutant_P9E,QQLPQPQQEQQSFPQQQRPF,0.95,Disease Causing
seq7,Mutant_P9F,QQLPQPQQFQQSFPQQQRPF,0.96,Disease Causing
seq7,Mutant_P9G,QQLPQPQQGQQSFPQQQRPF,0.95,Disease Causing
seq7,Mutant_P9H,QQLPQPQQHQQSFPQQQRPF,0.94,Disease Causing
seq7,Mutant_P9I,QQLPQPQQIQQSFPQQQRPF,0.96,Disease Causing
seq7,Mutant_P9K,QQLPQPQQKQQSFPQQQRPF,0.88,Disease Causing
seq7,Mutant_P9L,QQLPQPQQLQQSFPQQQRPF,0.96,Disease Causing
seq7,Mutant_P9M,QQLPQPQQMQQSFPQQQRPF,0.93,Disease Causing
seq7,Mutant_P9N,QQLPQPQQNQQSFPQQQRPF,0.95,Disease Causing
seq7,Mutant_P9Q,QQLPQPQQQQQSFPQQQRPF,0.96,Disease Causing
seq7,Mutant_P9R,QQLPQPQQRQQSFPQQQRPF,0.98,Disease Causing
seq7,Mutant_P9S,QQLPQPQQSQQSFPQQQRPF,0.97,Disease Causing
seq7,Mutant_P9T,QQLPQPQQTQQSFPQQQRPF,0.97,Disease Causing
seq7,Mutant_P9V,QQLPQPQQVQQSFPQQQRPF,0.9,Disease Causing
seq7,Mutant_P9W,QQLPQPQQWQQSFPQQQRPF,0.94,Disease Causing
seq7,Mutant_P9Y,QQLPQPQQYQQSFPQQQRPF,0.96,Disease Causing
seq7,Mutant_Q10A,QQLPQPQQPAQSFPQQQRPF,0.96,Disease Causing
seq7,Mutant_Q10C,QQLPQPQQPCQSFPQQQRPF,0.97,Disease Causing
seq7,Mutant_Q10D,QQLPQPQQPDQSFPQQQRPF,0.8,Disease Causing
seq7,Mutant_Q10E,QQLPQPQQPEQSFPQQQRPF,0.97,Disease Causing
seq7,Mutant_Q10F,QQLPQPQQPFQSFPQQQRPF,0.98,Disease Causing
seq7,Mutant_Q10G,QQLPQPQQPGQSFPQQQRPF,0.97,Disease Causing
seq7,Mutant_Q10H,QQLPQPQQPHQSFPQQQRPF,0.96,Disease Causing
seq7,Mutant_Q10I,QQLPQPQQPIQSFPQQQRPF,0.97,Disease Causing
seq7,Mutant_Q10K,QQLPQPQQPKQSFPQQQRPF,0.91,Disease Causing
seq7,Mutant_Q10L,QQLPQPQQPLQSFPQQQRPF,0.98,Disease Causing
seq7,Mutant_Q10M,QQLPQPQQPMQSFPQQQRPF,0.94,Disease Causing
seq7,Mutant_Q10N,QQLPQPQQPNQSFPQQQRPF,0.96,Disease Causing
seq7,Mutant_Q10P,QQLPQPQQPPQSFPQQQRPF,0.99,Disease Causing
seq7,Mutant_Q10R,QQLPQPQQPRQSFPQQQRPF,0.99,Disease Causing
seq7,Mutant_Q10S,QQLPQPQQPSQSFPQQQRPF,0.98,Disease Causing
seq7,Mutant_Q10T,QQLPQPQQPTQSFPQQQRPF,0.98,Disease Causing
seq7,Mutant_Q10V,QQLPQPQQPVQSFPQQQRPF,0.93,Disease Causing
seq7,Mutant_Q10W,QQLPQPQQPWQSFPQQQRPF,0.96,Disease Causing
seq7,Mutant_Q10Y,QQLPQPQQPYQSFPQQQRPF,0.98,Disease Causing
seq7,Mutant_Q11A,QQLPQPQQPQASFPQQQRPF,0.96,Disease Causing
seq7,Mutant_Q11C,QQLPQPQQPQCSFPQQQRPF,0.97,Disease Causing
seq7,Mutant_Q11D,QQLPQPQQPQDSFPQQQRPF,0.8,Disease Causing
seq7,Mutant_Q11E,QQLPQPQQPQESFPQQQRPF,0.97,Disease Causing
seq7,Mutant_Q11F,QQLPQPQQPQFSFPQQQRPF,0.98,Disease Causing
seq7,Mutant_Q11G,QQLPQPQQPQGSFPQQQRPF,0.97,Disease Causing
seq7,Mutant_Q11H,QQLPQPQQPQHSFPQQQRPF,0.96,Disease Causing
seq7,Mutant_Q11I,QQLPQPQQPQISFPQQQRPF,0.97,Disease Causing
seq7,Mutant_Q11K,QQLPQPQQPQKSFPQQQRPF,0.91,Disease Causing
seq7,Mutant_Q11L,QQLPQPQQPQLSFPQQQRPF,0.98,Disease Causing
seq7,Mutant_Q11M,QQLPQPQQPQMSFPQQQRPF,0.94,Disease Causing
seq7,Mutant_Q11N,QQLPQPQQPQNSFPQQQRPF,0.96,Disease Causing
seq7,Mutant_Q11P,QQLPQPQQPQPSFPQQQRPF,0.99,Disease Causing
seq7,Mutant_Q11R,QQLPQPQQPQRSFPQQQRPF,0.99,Disease Causing
seq7,Mutant_Q11S,QQLPQPQQPQSSFPQQQRPF,0.98,Disease Causing
seq7,Mutant_Q11T,QQLPQPQQPQTSFPQQQRPF,0.98,Disease Causing
seq7,Mutant_Q11V,QQLPQPQQPQVSFPQQQRPF,0.93,Disease Causing
seq7,Mutant_Q11W,QQLPQPQQPQWSFPQQQRPF,0.96,Disease Causing
seq7,Mutant_Q11Y,QQLPQPQQPQYSFPQQQRPF,0.98,Disease Causing
seq7,Mutant_S12A,QQLPQPQQPQQAFPQQQRPF,0.96,Disease Causing
seq7,Mutant_S12C,QQLPQPQQPQQCFPQQQRPF,0.97,Disease Causing
seq7,Mutant_S12D,QQLPQPQQPQQDFPQQQRPF,0.8,Disease Causing
seq7,Mutant_S12E,QQLPQPQQPQQEFPQQQRPF,0.97,Disease Causing
seq7,Mutant_S12F,QQLPQPQQPQQFFPQQQRPF,0.98,Disease Causing
seq7,Mutant_S12G,QQLPQPQQPQQGFPQQQRPF,0.97,Disease Causing
seq7,Mutant_S12H,QQLPQPQQPQQHFPQQQRPF,0.97,Disease Causing
seq7,Mutant_S12I,QQLPQPQQPQQIFPQQQRPF,0.97,Disease Causing
seq7,Mutant_S12K,QQLPQPQQPQQKFPQQQRPF,0.91,Disease Causing
seq7,Mutant_S12L,QQLPQPQQPQQLFPQQQRPF,0.98,Disease Causing
seq7,Mutant_S12M,QQLPQPQQPQQMFPQQQRPF,0.93,Disease Causing
seq7,Mutant_S12N,QQLPQPQQPQQNFPQQQRPF,0.96,Disease Causing
seq7,Mutant_S12P,QQLPQPQQPQQPFPQQQRPF,0.99,Disease Causing
seq7,Mutant_S12Q,QQLPQPQQPQQQFPQQQRPF,0.98,Disease Causing
seq7,Mutant_S12R,QQLPQPQQPQQRFPQQQRPF,0.97,Disease Causing
seq7,Mutant_S12T,QQLPQPQQPQQTFPQQQRPF,0.98,Disease Causing
seq7,Mutant_S12V,QQLPQPQQPQQVFPQQQRPF,0.93,Disease Causing
seq7,Mutant_S12W,QQLPQPQQPQQWFPQQQRPF,0.96,Disease Causing
seq7,Mutant_S12Y,QQLPQPQQPQQYFPQQQRPF,0.98,Disease Causing
seq7,Mutant_F13A,QQLPQPQQPQQSAPQQQRPF,0.96,Disease Causing
seq7,Mutant_F13C,QQLPQPQQPQQSCPQQQRPF,0.92,Disease Causing
seq7,Mutant_F13D,QQLPQPQQPQQSDPQQQRPF,0.79,Disease Causing
seq7,Mutant_F13E,QQLPQPQQPQQSEPQQQRPF,0.94,Disease Causing
seq7,Mutant_F13G,QQLPQPQQPQQSGPQQQRPF,0.96,Disease Causing
seq7,Mutant_F13H,QQLPQPQQPQQSHPQQQRPF,0.96,Disease Causing
seq7,Mutant_F13I,QQLPQPQQPQQSIPQQQRPF,0.97,Disease Causing
seq7,Mutant_F13K,QQLPQPQQPQQSKPQQQRPF,0.91,Disease Causing
seq7,Mutant_F13L,QQLPQPQQPQQSLPQQQRPF,0.97,Disease Causing
seq7,Mutant_F13M,QQLPQPQQPQQSMPQQQRPF,0.95,Disease Causing
seq7,Mutant_F13N,QQLPQPQQPQQSNPQQQRPF,0.96,Disease Causing
seq7,Mutant_F13P,QQLPQPQQPQQSPPQQQRPF,0.98,Disease Causing
seq7,Mutant_F13Q,QQLPQPQQPQQSQPQQQRPF,0.97,Disease Causing
seq7,Mutant_F13R,QQLPQPQQPQQSRPQQQRPF,0.97,Disease Causing
seq7,Mutant_F13S,QQLPQPQQPQQSSPQQQRPF,0.98,Disease Causing
seq7,Mutant_F13T,QQLPQPQQPQQSTPQQQRPF,0.97,Disease Causing
seq7,Mutant_F13V,QQLPQPQQPQQSVPQQQRPF,0.93,Disease Causing
seq7,Mutant_F13W,QQLPQPQQPQQSWPQQQRPF,0.97,Disease Causing
seq7,Mutant_F13Y,QQLPQPQQPQQSYPQQQRPF,0.97,Disease Causing
seq7,Mutant_P14A,QQLPQPQQPQQSFAQQQRPF,0.95,Disease Causing
seq7,Mutant_P14C,QQLPQPQQPQQSFCQQQRPF,0.96,Disease Causing
seq7,Mutant_P14D,QQLPQPQQPQQSFDQQQRPF,0.77,Disease Causing
seq7,Mutant_P14E,QQLPQPQQPQQSFEQQQRPF,0.95,Disease Causing
seq7,Mutant_P14F,QQLPQPQQPQQSFFQQQRPF,0.96,Disease Causing
seq7,Mutant_P14G,QQLPQPQQPQQSFGQQQRPF,0.95,Disease Causing
seq7,Mutant_P14H,QQLPQPQQPQQSFHQQQRPF,0.94,Disease Causing
seq7,Mutant_P14I,QQLPQPQQPQQSFIQQQRPF,0.96,Disease Causing
seq7,Mutant_P14K,QQLPQPQQPQQSFKQQQRPF,0.88,Disease Causing
seq7,Mutant_P14L,QQLPQPQQPQQSFLQQQRPF,0.96,Disease Causing
seq7,Mutant_P14M,QQLPQPQQPQQSFMQQQRPF,0.93,Disease Causing
seq7,Mutant_P14N,QQLPQPQQPQQSFNQQQRPF,0.95,Disease Causing
seq7,Mutant_P14Q,QQLPQPQQPQQSFQQQQRPF,0.96,Disease Causing
seq7,Mutant_P14R,QQLPQPQQPQQSFRQQQRPF,0.98,Disease Causing
seq7,Mutant_P14S,QQLPQPQQPQQSFSQQQRPF,0.97,Disease Causing
seq7,Mutant_P14T,QQLPQPQQPQQSFTQQQRPF,0.97,Disease Causing
seq7,Mutant_P14V,QQLPQPQQPQQSFVQQQRPF,0.9,Disease Causing
seq7,Mutant_P14W,QQLPQPQQPQQSFWQQQRPF,0.94,Disease Causing
seq7,Mutant_P14Y,QQLPQPQQPQQSFYQQQRPF,0.96,Disease Causing
seq7,Mutant_Q15A,QQLPQPQQPQQSFPAQQRPF,0.96,Disease Causing
seq7,Mutant_Q15C,QQLPQPQQPQQSFPCQQRPF,0.97,Disease Causing
seq7,Mutant_Q15D,QQLPQPQQPQQSFPDQQRPF,0.8,Disease Causing
seq7,Mutant_Q15E,QQLPQPQQPQQSFPEQQRPF,0.97,Disease Causing
seq7,Mutant_Q15F,QQLPQPQQPQQSFPFQQRPF,0.98,Disease Causing
seq7,Mutant_Q15G,QQLPQPQQPQQSFPGQQRPF,0.97,Disease Causing
seq7,Mutant_Q15H,QQLPQPQQPQQSFPHQQRPF,0.96,Disease Causing
seq7,Mutant_Q15I,QQLPQPQQPQQSFPIQQRPF,0.97,Disease Causing
seq7,Mutant_Q15K,QQLPQPQQPQQSFPKQQRPF,0.91,Disease Causing
seq7,Mutant_Q15L,QQLPQPQQPQQSFPLQQRPF,0.98,Disease Causing
seq7,Mutant_Q15M,QQLPQPQQPQQSFPMQQRPF,0.94,Disease Causing
seq7,Mutant_Q15N,QQLPQPQQPQQSFPNQQRPF,0.96,Disease Causing
seq7,Mutant_Q15P,QQLPQPQQPQQSFPPQQRPF,0.99,Disease Causing
seq7,Mutant_Q15R,QQLPQPQQPQQSFPRQQRPF,0.99,Disease Causing
seq7,Mutant_Q15S,QQLPQPQQPQQSFPSQQRPF,0.98,Disease Causing
seq7,Mutant_Q15T,QQLPQPQQPQQSFPTQQRPF,0.98,Disease Causing
seq7,Mutant_Q15V,QQLPQPQQPQQSFPVQQRPF,0.93,Disease Causing
seq7,Mutant_Q15W,QQLPQPQQPQQSFPWQQRPF,0.96,Disease Causing
seq7,Mutant_Q15Y,QQLPQPQQPQQSFPYQQRPF,0.98,Disease Causing
seq7,Mutant_Q16A,QQLPQPQQPQQSFPQAQRPF,0.96,Disease Causing
seq7,Mutant_Q16C,QQLPQPQQPQQSFPQCQRPF,0.97,Disease Causing
seq7,Mutant_Q16D,QQLPQPQQPQQSFPQDQRPF,0.8,Disease Causing
seq7,Mutant_Q16E,QQLPQPQQPQQSFPQEQRPF,0.97,Disease Causing
seq7,Mutant_Q16F,QQLPQPQQPQQSFPQFQRPF,0.98,Disease Causing
seq7,Mutant_Q16G,QQLPQPQQPQQSFPQGQRPF,0.97,Disease Causing
seq7,Mutant_Q16H,QQLPQPQQPQQSFPQHQRPF,0.96,Disease Causing
seq7,Mutant_Q16I,QQLPQPQQPQQSFPQIQRPF,0.97,Disease Causing
seq7,Mutant_Q16K,QQLPQPQQPQQSFPQKQRPF,0.91,Disease Causing
seq7,Mutant_Q16L,QQLPQPQQPQQSFPQLQRPF,0.98,Disease Causing
seq7,Mutant_Q16M,QQLPQPQQPQQSFPQMQRPF,0.94,Disease Causing
seq7,Mutant_Q16N,QQLPQPQQPQQSFPQNQRPF,0.96,Disease Causing
seq7,Mutant_Q16P,QQLPQPQQPQQSFPQPQRPF,0.99,Disease Causing
seq7,Mutant_Q16R,QQLPQPQQPQQSFPQRQRPF,0.99,Disease Causing
seq7,Mutant_Q16S,QQLPQPQQPQQSFPQSQRPF,0.98,Disease Causing
seq7,Mutant_Q16T,QQLPQPQQPQQSFPQTQRPF,0.98,Disease Causing
seq7,Mutant_Q16V,QQLPQPQQPQQSFPQVQRPF,0.93,Disease Causing
seq7,Mutant_Q16W,QQLPQPQQPQQSFPQWQRPF,0.96,Disease Causing
seq7,Mutant_Q16Y,QQLPQPQQPQQSFPQYQRPF,0.98,Disease Causing
seq7,Mutant_Q17A,QQLPQPQQPQQSFPQQARPF,0.96,Disease Causing
seq7,Mutant_Q17C,QQLPQPQQPQQSFPQQCRPF,0.97,Disease Causing
seq7,Mutant_Q17D,QQLPQPQQPQQSFPQQDRPF,0.8,Disease Causing
seq7,Mutant_Q17E,QQLPQPQQPQQSFPQQERPF,0.97,Disease Causing
seq7,Mutant_Q17F,QQLPQPQQPQQSFPQQFRPF,0.98,Disease Causing
seq7,Mutant_Q17G,QQLPQPQQPQQSFPQQGRPF,0.97,Disease Causing
seq7,Mutant_Q17H,QQLPQPQQPQQSFPQQHRPF,0.96,Disease Causing
seq7,Mutant_Q17I,QQLPQPQQPQQSFPQQIRPF,0.97,Disease Causing
seq7,Mutant_Q17K,QQLPQPQQPQQSFPQQKRPF,0.91,Disease Causing
seq7,Mutant_Q17L,QQLPQPQQPQQSFPQQLRPF,0.98,Disease Causing
seq7,Mutant_Q17M,QQLPQPQQPQQSFPQQMRPF,0.94,Disease Causing
seq7,Mutant_Q17N,QQLPQPQQPQQSFPQQNRPF,0.96,Disease Causing
seq7,Mutant_Q17P,QQLPQPQQPQQSFPQQPRPF,0.99,Disease Causing
seq7,Mutant_Q17R,QQLPQPQQPQQSFPQQRRPF,0.99,Disease Causing
seq7,Mutant_Q17S,QQLPQPQQPQQSFPQQSRPF,0.98,Disease Causing
seq7,Mutant_Q17T,QQLPQPQQPQQSFPQQTRPF,0.98,Disease Causing
seq7,Mutant_Q17V,QQLPQPQQPQQSFPQQVRPF,0.93,Disease Causing
seq7,Mutant_Q17W,QQLPQPQQPQQSFPQQWRPF,0.96,Disease Causing
seq7,Mutant_Q17Y,QQLPQPQQPQQSFPQQYRPF,0.98,Disease Causing
seq7,Mutant_R18A,QQLPQPQQPQQSFPQQQAPF,0.97,Disease Causing
seq7,Mutant_R18C,QQLPQPQQPQQSFPQQQCPF,0.98,Disease Causing
seq7,Mutant_R18D,QQLPQPQQPQQSFPQQQDPF,0.82,Disease Causing
seq7,Mutant_R18E,QQLPQPQQPQQSFPQQQEPF,0.97,Disease Causing
seq7,Mutant_R18F,QQLPQPQQPQQSFPQQQFPF,0.99,Disease Causing
seq7,Mutant_R18G,QQLPQPQQPQQSFPQQQGPF,0.99,Disease Causing
seq7,Mutant_R18H,QQLPQPQQPQQSFPQQQHPF,0.97,Disease Causing
seq7,Mutant_R18I,QQLPQPQQPQQSFPQQQIPF,0.98,Disease Causing
seq7,Mutant_R18K,QQLPQPQQPQQSFPQQQKPF,0.94,Disease Causing
seq7,Mutant_R18L,QQLPQPQQPQQSFPQQQLPF,0.99,Disease Causing
seq7,Mutant_R18M,QQLPQPQQPQQSFPQQQMPF,0.97,Disease Causing
seq7,Mutant_R18N,QQLPQPQQPQQSFPQQQNPF,0.98,Disease Causing
seq7,Mutant_R18P,QQLPQPQQPQQSFPQQQPPF,1.0,Disease Causing
seq7,Mutant_R18Q,QQLPQPQQPQQSFPQQQQPF,0.99,Disease Causing
seq7,Mutant_R18S,QQLPQPQQPQQSFPQQQSPF,0.99,Disease Causing
seq7,Mutant_R18T,QQLPQPQQPQQSFPQQQTPF,1.0,Disease Causing
seq7,Mutant_R18V,QQLPQPQQPQQSFPQQQVPF,0.98,Disease Causing
seq7,Mutant_R18W,QQLPQPQQPQQSFPQQQWPF,0.97,Disease Causing
seq7,Mutant_R18Y,QQLPQPQQPQQSFPQQQYPF,0.99,Disease Causing
seq7,Mutant_P19A,QQLPQPQQPQQSFPQQQRAF,0.95,Disease Causing
seq7,Mutant_P19C,QQLPQPQQPQQSFPQQQRCF,0.96,Disease Causing
seq7,Mutant_P19D,QQLPQPQQPQQSFPQQQRDF,0.77,Disease Causing
seq7,Mutant_P19E,QQLPQPQQPQQSFPQQQREF,0.95,Disease Causing
seq7,Mutant_P19F,QQLPQPQQPQQSFPQQQRFF,0.96,Disease Causing
seq7,Mutant_P19G,QQLPQPQQPQQSFPQQQRGF,0.95,Disease Causing
seq7,Mutant_P19H,QQLPQPQQPQQSFPQQQRHF,0.94,Disease Causing
seq7,Mutant_P19I,QQLPQPQQPQQSFPQQQRIF,0.96,Disease Causing
seq7,Mutant_P19K,QQLPQPQQPQQSFPQQQRKF,0.88,Disease Causing
seq7,Mutant_P19L,QQLPQPQQPQQSFPQQQRLF,0.96,Disease Causing
seq7,Mutant_P19M,QQLPQPQQPQQSFPQQQRMF,0.93,Disease Causing
seq7,Mutant_P19N,QQLPQPQQPQQSFPQQQRNF,0.95,Disease Causing
seq7,Mutant_P19Q,QQLPQPQQPQQSFPQQQRQF,0.96,Disease Causing
seq7,Mutant_P19R,QQLPQPQQPQQSFPQQQRRF,0.98,Disease Causing
seq7,Mutant_P19S,QQLPQPQQPQQSFPQQQRSF,0.97,Disease Causing
seq7,Mutant_P19T,QQLPQPQQPQQSFPQQQRTF,0.97,Disease Causing
seq7,Mutant_P19V,QQLPQPQQPQQSFPQQQRVF,0.9,Disease Causing
seq7,Mutant_P19W,QQLPQPQQPQQSFPQQQRWF,0.94,Disease Causing
seq7,Mutant_P19Y,QQLPQPQQPQQSFPQQQRYF,0.96,Disease Causing
seq7,Mutant_F20A,QQLPQPQQPQQSFPQQQRPA,0.96,Disease Causing
seq7,Mutant_F20C,QQLPQPQQPQQSFPQQQRPC,0.92,Disease Causing
seq7,Mutant_F20D,QQLPQPQQPQQSFPQQQRPD,0.79,Disease Causing
seq7,Mutant_F20E,QQLPQPQQPQQSFPQQQRPE,0.94,Disease Causing
seq7,Mutant_F20G,QQLPQPQQPQQSFPQQQRPG,0.96,Disease Causing
seq7,Mutant_F20H,QQLPQPQQPQQSFPQQQRPH,0.96,Disease Causing
seq7,Mutant_F20I,QQLPQPQQPQQSFPQQQRPI,0.97,Disease Causing
seq7,Mutant_F20K,QQLPQPQQPQQSFPQQQRPK,0.91,Disease Causing
seq7,Mutant_F20L,QQLPQPQQPQQSFPQQQRPL,0.97,Disease Causing
seq7,Mutant_F20M,QQLPQPQQPQQSFPQQQRPM,0.95,Disease Causing
seq7,Mutant_F20N,QQLPQPQQPQQSFPQQQRPN,0.96,Disease Causing
seq7,Mutant_F20P,QQLPQPQQPQQSFPQQQRPP,0.98,Disease Causing
seq7,Mutant_F20Q,QQLPQPQQPQQSFPQQQRPQ,0.97,Disease Causing
seq7,Mutant_F20R,QQLPQPQQPQQSFPQQQRPR,0.97,Disease Causing
seq7,Mutant_F20S,QQLPQPQQPQQSFPQQQRPS,0.98,Disease Causing
seq7,Mutant_F20T,QQLPQPQQPQQSFPQQQRPT,0.97,Disease Causing
seq7,Mutant_F20V,QQLPQPQQPQQSFPQQQRPV,0.93,Disease Causing
seq7,Mutant_F20W,QQLPQPQQPQQSFPQQQRPW,0.97,Disease Causing
seq7,Mutant_F20Y,QQLPQPQQPQQSFPQQQRPY,0.97,Disease Causing
